WorkerThreadPool: 4 threads, 1 max low-priority.
Godot Engine v4.7.2.stable.official.ed1daf0bf - https://godotengine.org
TextServer: Added interface "Dummy"
TextServer: Added interface "ICU / HarfBuzz / Graphite (Built-in)"
SDL: Init OK!
Accessibility: AccessKit driver loaded.
Xshape 1.1 detected.
Xinerama 1.1 detected.
Xrandr 1.6 detected.
Xrender 0.11 detected.
Xinput 2.2 detected.
XInput: Refreshing devices.
XInput: No touch devices found.
Input method started.
Detecting GPUs, set DRI_PRIME in the environment to override GPU detection logic.
Only one GPU found, using default.
Accessibility: window 0 adapter created.
WARNING: Could not set V-Sync mode, as changing V-Sync mode is not supported by the graphics driver.
     at: set_use_vsync (platform/linuxbsd/x11/gl_manager_x11.cpp:372)
XcursorGetTheme could not get cursor theme
Failed loading custom cursor: crossed_circle
DBus 1.14.10 detected.
Using "default" pen tablet driver...
Shader 'CanvasSdfShaderGLES3' SHA256: bfb4d3f47e7b197828685d0dcaa3ac71d9e1366c1e65b4f460df2262fa91546c
Shader 'SkeletonShaderGLES3' SHA256: 84035b3cefc09f9557dd6bf4f292f5563f0545ca349eba904f9efc23e561e23f
Shader 'ParticlesShaderGLES3' SHA256: 73290417c43773bd027c734f085d428579d637dedf854af6900fc76b8b237a99
Shader 'ParticlesCopyShaderGLES3' SHA256: 1ffdae88b5d6e87af388e5ebe57a70db1e4b7360256723d212e5cfdb8632eebb
Shader 'CopyShaderGLES3' SHA256: 2d07accf5e52cc75dda4b3798e2578ba2d7f03e83d567dcc2c8dc871f0a111e9
Shader 'CubemapFilterShaderGLES3' SHA256: dedeeafa47bd84bd41fbf476996763e9f8fea0c73540a49765d0d23109b8fc44
Shader 'GlowShaderGLES3' SHA256: 1a8d454e812a242df093576020d31bebccf9a3e446f78160d33e363f683df8d2
Shader 'PostShaderGLES3' SHA256: 652389d1ff5979a72cb73bb058892a1781dd6c97027db95dcb2754aad82b614b
Shader 'FeedShaderGLES3' SHA256: ff8ce52247f567be25a85ee57b249f526c39fe4595e675da7a92cda3482cc47b
Shader 'CanvasShaderGLES3' SHA256: ec4ada8cee357dc1d60cc059a0f84ad21dee27e29d58fa9a87f46f2aef80c3ea
Shader 'CanvasOcclusionShaderGLES3' SHA256: 4e16639184f7526ea06a888f215233eefb1de099c0a4d76f784773cff78d4e14
Shader 'SceneShaderGLES3' SHA256: 218dbeaf0023e2cbc56cd117ce17923f88eae2d8ee261d76cc405e5cca411741
Shader 'SkyShaderGLES3' SHA256: 804e4e540a7a3f03699c11d13920846aeba4980287678fc1b6f75324d8601057
Shader 'TexBlitShaderGLES3' SHA256: 8ed7a52936e463ebd5f2607bb08ee88f94fb259bf07facbf4d5872bb317fabe7
OpenGL API 4.5 (Core Profile) Mesa 25.2.8-0ubuntu0.24.04.4 - Compatibility - Using Device: Mesa - llvmpipe (LLVM 20.1.2, 256 bits)
libpulse.so.0: cannot open shared object file: No such file or directory
libpulse.so.0: cannot open shared object file: No such file or directory
ALSA 1.2.11 detected.
ALSA lib confmisc.c:855:(parse_card) cannot find card '0'
ALSA lib conf.c:5208:(_snd_config_evaluate) function snd_func_card_inum returned error: No such file or directory
ALSA lib confmisc.c:422:(snd_func_concat) error evaluating strings
ALSA lib conf.c:5208:(_snd_config_evaluate) function snd_func_concat returned error: No such file or directory
ALSA lib confmisc.c:1342:(snd_func_refer) error evaluating name
ALSA lib conf.c:5208:(_snd_config_evaluate) function snd_func_refer returned error: No such file or directory
ALSA lib conf.c:5731:(snd_config_expand) Evaluate error: No such file or directory
ALSA lib pcm.c:2721:(snd_pcm_open_noupdate) Unknown PCM default
ERROR: Condition "status < 0" is true. Returning: ERR_CANT_OPEN
   at: init_output_device (drivers/alsa/audio_driver_alsa.cpp:97)
WARNING: All audio drivers failed, falling back to the dummy driver.
     at: initialize (servers/audio/audio_server.cpp:258)

TextServer: Primary interface set to: "ICU / HarfBuzz / Graphite (Built-in)".
CORE API HASH: 2004498165
EDITOR API HASH: 1696660745
SceneTreeFTI: traversal method DEFAULT
Loading resource: res://scripts/save/save_manager.gd remapped: res://scripts/save/save_manager.gd
Completed load for: 'res://scripts/save/save_manager.gd' remapped 'res://scripts/save/save_manager.gd' at thread -1
Loading resource: res://scripts/combat/noise_manager.gd remapped: res://scripts/combat/noise_manager.gd
Completed load for: 'res://scripts/combat/noise_manager.gd' remapped 'res://scripts/combat/noise_manager.gd' at thread -1
Loading resource: res://scripts/settlement/infrastructure_manager.gd remapped: res://scripts/settlement/infrastructure_manager.gd
Completed load for: 'res://scripts/settlement/infrastructure_manager.gd' remapped 'res://scripts/settlement/infrastructure_manager.gd' at thread -1
Loading resource: res://scripts/vehicles/vehicle_database.gd remapped: res://scripts/vehicles/vehicle_database.gd
Completed load for: 'res://scripts/vehicles/vehicle_database.gd' remapped 'res://scripts/vehicles/vehicle_database.gd' at thread -1
Loading resource: res://scripts/audio/audio_event_bus.gd remapped: res://scripts/audio/audio_event_bus.gd
Completed load for: 'res://scripts/audio/audio_event_bus.gd' remapped 'res://scripts/audio/audio_event_bus.gd' at thread -1
Loading resource: res://scripts/ui/ui_manager.gd remapped: res://scripts/ui/ui_manager.gd
Completed load for: 'res://scripts/ui/ui_manager.gd' remapped 'res://scripts/ui/ui_manager.gd' at thread -1
Loaded system CA certificates
Loading resource: res://scenes/d2d29_minimal_token_runtime.tscn remapped: res://scenes/d2d29_minimal_token_runtime.tscn
Loading resource: res://scripts/art/d2d29_minimal_token_runtime.gd remapped: res://scripts/art/d2d29_minimal_token_runtime.gd
Completed load for: 'res://scripts/art/d2d29_minimal_token_runtime.gd' remapped 'res://scripts/art/d2d29_minimal_token_runtime.gd' at thread -1
Completed load for: 'res://scenes/d2d29_minimal_token_runtime.tscn' remapped 'res://scenes/d2d29_minimal_token_runtime.tscn' at thread -1
Loading resource: res://assets/playercharacters/female_head_right_pc21.png remapped: res://assets/playercharacters/female_head_right_pc21.png
Loading resource: res://.godot/imported/female_head_right_pc21.png-c6c29dbfaeccc04b30c5a1a360153e7e.ctex remapped: res://.godot/imported/female_head_right_pc21.png-c6c29dbfaeccc04b30c5a1a360153e7e.ctex
Completed load for: 'res://assets/playercharacters/female_head_right_pc21.png' remapped 'res://assets/playercharacters/female_head_right_pc21.png' at thread -1
Loading resource: res://assets/playercharacters/female_equipped_torso_right_pc21.webp remapped: res://assets/playercharacters/female_equipped_torso_right_pc21.webp
Loading resource: res://.godot/imported/female_equipped_torso_right_pc21.webp-d743abf1ebb7dcec648bcb071a9b06a6.ctex remapped: res://.godot/imported/female_equipped_torso_right_pc21.webp-d743abf1ebb7dcec648bcb071a9b06a6.ctex
Completed load for: 'res://assets/playercharacters/female_equipped_torso_right_pc21.webp' remapped 'res://assets/playercharacters/female_equipped_torso_right_pc21.webp' at thread -1
Loading resource: res://assets/playercharacters/female_leg_gear_right_pc21.webp remapped: res://assets/playercharacters/female_leg_gear_right_pc21.webp
Loading resource: res://.godot/imported/female_leg_gear_right_pc21.webp-64b3a29357b3e063cda6f864aa1d2af9.ctex remapped: res://.godot/imported/female_leg_gear_right_pc21.webp-64b3a29357b3e063cda6f864aa1d2af9.ctex
Completed load for: 'res://assets/playercharacters/female_leg_gear_right_pc21.webp' remapped 'res://assets/playercharacters/female_leg_gear_right_pc21.webp' at thread -1
Loading resource: res://assets/playercharacters/female_leg_gear_front_right_pc21.webp remapped: res://assets/playercharacters/female_leg_gear_front_right_pc21.webp
Loading resource: res://.godot/imported/female_leg_gear_front_right_pc21.webp-fbb1cda9ac3921ac06a784b0ca6449a8.ctex remapped: res://.godot/imported/female_leg_gear_front_right_pc21.webp-fbb1cda9ac3921ac06a784b0ca6449a8.ctex
Completed load for: 'res://assets/playercharacters/female_leg_gear_front_right_pc21.webp' remapped 'res://assets/playercharacters/female_leg_gear_front_right_pc21.webp' at thread -1
Loading resource: res://assets/playercharacters/female_torso_right_pc21.webp remapped: res://assets/playercharacters/female_torso_right_pc21.webp
Loading resource: res://.godot/imported/female_torso_right_pc21.webp-d523d8f8028854ee6a15f4f247bf2565.ctex remapped: res://.godot/imported/female_torso_right_pc21.webp-d523d8f8028854ee6a15f4f247bf2565.ctex
Completed load for: 'res://assets/playercharacters/female_torso_right_pc21.webp' remapped 'res://assets/playercharacters/female_torso_right_pc21.webp' at thread -1
Loading resource: res://assets/playercharacters/female_belt_pc03.webp remapped: res://assets/playercharacters/female_belt_pc03.webp
Loading resource: res://.godot/imported/female_belt_pc03.webp-5903973935c05fa98e7993391f871849.ctex remapped: res://.godot/imported/female_belt_pc03.webp-5903973935c05fa98e7993391f871849.ctex
Completed load for: 'res://assets/playercharacters/female_belt_pc03.webp' remapped 'res://assets/playercharacters/female_belt_pc03.webp' at thread -1
Loading resource: res://assets/playercharacters/female_collar_pc03.webp remapped: res://assets/playercharacters/female_collar_pc03.webp
Loading resource: res://.godot/imported/female_collar_pc03.webp-16aea1516b618c649420a51e5fa0d3fb.ctex remapped: res://.godot/imported/female_collar_pc03.webp-16aea1516b618c649420a51e5fa0d3fb.ctex
Completed load for: 'res://assets/playercharacters/female_collar_pc03.webp' remapped 'res://assets/playercharacters/female_collar_pc03.webp' at thread -1
Loading resource: res://assets/playercharacters/female_leg_base_right_pc21.webp remapped: res://assets/playercharacters/female_leg_base_right_pc21.webp
Loading resource: res://.godot/imported/female_leg_base_right_pc21.webp-0982f0b3dc9ff922f944e7786bd80195.ctex remapped: res://.godot/imported/female_leg_base_right_pc21.webp-0982f0b3dc9ff922f944e7786bd80195.ctex
Completed load for: 'res://assets/playercharacters/female_leg_base_right_pc21.webp' remapped 'res://assets/playercharacters/female_leg_base_right_pc21.webp' at thread -1
Loading resource: res://assets/playercharacters/female_leg_base_front_right_pc21.webp remapped: res://assets/playercharacters/female_leg_base_front_right_pc21.webp
Loading resource: res://.godot/imported/female_leg_base_front_right_pc21.webp-a7fbbae30f1b90976a38d62f83e657fa.ctex remapped: res://.godot/imported/female_leg_base_front_right_pc21.webp-a7fbbae30f1b90976a38d62f83e657fa.ctex
Completed load for: 'res://assets/playercharacters/female_leg_base_front_right_pc21.webp' remapped 'res://assets/playercharacters/female_leg_base_front_right_pc21.webp' at thread -1
PC22_RUNTIME_SWEEP_CASE_OK:male_right
PC22_RUNTIME_SWEEP_CASE_OK:male_left
PC22_RUNTIME_SWEEP_CASE_OK:female_right
PC22_RUNTIME_SWEEP_CASE_OK:female_left
PC22_RUNTIME_SWEEP_OK
PC22_NPC_SEX_RIG_OK:HUMANOID_CANONICAL_ARM_SYSTEM
PC22_NPC_SEX_RIG_OK:HUMANOID_CANONICAL_ARM_SYSTEM
PC22_NPC_INHERITANCE_OK
Loading resource: res://assets/authored2d/unified_character/arms/sleeves/trader/male/upper_arm.png remapped: res://assets/authored2d/unified_character/arms/sleeves/trader/male/upper_arm.png
Loading resource: res://.godot/imported/upper_arm.png-60325af8f89898d358419f3f405bff9c.ctex remapped: res://.godot/imported/upper_arm.png-60325af8f89898d358419f3f405bff9c.ctex
Completed load for: 'res://assets/authored2d/unified_character/arms/sleeves/trader/male/upper_arm.png' remapped 'res://assets/authored2d/unified_character/arms/sleeves/trader/male/upper_arm.png' at thread -1
Loading resource: res://assets/authored2d/unified_character/arms/sleeves/trader/male/forearm.png remapped: res://assets/authored2d/unified_character/arms/sleeves/trader/male/forearm.png
Loading resource: res://.godot/imported/forearm.png-9a876f3a689121360b349235c52c8706.ctex remapped: res://.godot/imported/forearm.png-9a876f3a689121360b349235c52c8706.ctex
Completed load for: 'res://assets/authored2d/unified_character/arms/sleeves/trader/male/forearm.png' remapped 'res://assets/authored2d/unified_character/arms/sleeves/trader/male/forearm.png' at thread -1
Loading resource: res://assets/authored2d/unified_character/arms/sleeves/trader/male/shoulder_cap.png remapped: res://assets/authored2d/unified_character/arms/sleeves/trader/male/shoulder_cap.png
Loading resource: res://.godot/imported/shoulder_cap.png-63e7f3a8eb52838703d901a16ed8ac74.ctex remapped: res://.godot/imported/shoulder_cap.png-63e7f3a8eb52838703d901a16ed8ac74.ctex
Completed load for: 'res://assets/authored2d/unified_character/arms/sleeves/trader/male/shoulder_cap.png' remapped 'res://assets/authored2d/unified_character/arms/sleeves/trader/male/shoulder_cap.png' at thread -1
Loading resource: res://assets/authored2d/unified_character/arms/gloves/trader/male/glove_dominant.png remapped: res://assets/authored2d/unified_character/arms/gloves/trader/male/glove_dominant.png
Loading resource: res://.godot/imported/glove_dominant.png-f991693178bf6ed920a71a3390f30be3.ctex remapped: res://.godot/imported/glove_dominant.png-f991693178bf6ed920a71a3390f30be3.ctex
Completed load for: 'res://assets/authored2d/unified_character/arms/gloves/trader/male/glove_dominant.png' remapped 'res://assets/authored2d/unified_character/arms/gloves/trader/male/glove_dominant.png' at thread -1
Loading resource: res://assets/authored2d/unified_character/arms/gloves/trader/male/glove_support.png remapped: res://assets/authored2d/unified_character/arms/gloves/trader/male/glove_support.png
Loading resource: res://.godot/imported/glove_support.png-5076e86d530ae5b8d2225af12489ceb6.ctex remapped: res://.godot/imported/glove_support.png-5076e86d530ae5b8d2225af12489ceb6.ctex
Completed load for: 'res://assets/authored2d/unified_character/arms/gloves/trader/male/glove_support.png' remapped 'res://assets/authored2d/unified_character/arms/gloves/trader/male/glove_support.png' at thread -1
Loading resource: res://assets/authored2d/unified_character/roles/trader/male/torso.png remapped: res://assets/authored2d/unified_character/roles/trader/male/torso.png
Loading resource: res://.godot/imported/torso.png-bbd6312b42fbb820ff16c8537c2ed448.ctex remapped: res://.godot/imported/torso.png-bbd6312b42fbb820ff16c8537c2ed448.ctex
Completed load for: 'res://assets/authored2d/unified_character/roles/trader/male/torso.png' remapped 'res://assets/authored2d/unified_character/roles/trader/male/torso.png' at thread -1
Loading resource: res://assets/authored2d/unified_character/arms/sleeves/trader/female/upper_arm.png remapped: res://assets/authored2d/unified_character/arms/sleeves/trader/female/upper_arm.png
Loading resource: res://.godot/imported/upper_arm.png-e6625983c2d2dd6ac1853660a33fb691.ctex remapped: res://.godot/imported/upper_arm.png-e6625983c2d2dd6ac1853660a33fb691.ctex
Completed load for: 'res://assets/authored2d/unified_character/arms/sleeves/trader/female/upper_arm.png' remapped 'res://assets/authored2d/unified_character/arms/sleeves/trader/female/upper_arm.png' at thread -1
Loading resource: res://assets/authored2d/unified_character/arms/sleeves/trader/female/forearm.png remapped: res://assets/authored2d/unified_character/arms/sleeves/trader/female/forearm.png
Loading resource: res://.godot/imported/forearm.png-b5c2243ef9d9d9e4f9451d4ad0e1d835.ctex remapped: res://.godot/imported/forearm.png-b5c2243ef9d9d9e4f9451d4ad0e1d835.ctex
Completed load for: 'res://assets/authored2d/unified_character/arms/sleeves/trader/female/forearm.png' remapped 'res://assets/authored2d/unified_character/arms/sleeves/trader/female/forearm.png' at thread -1
Loading resource: res://assets/authored2d/unified_character/arms/sleeves/trader/female/shoulder_cap.png remapped: res://assets/authored2d/unified_character/arms/sleeves/trader/female/shoulder_cap.png
Loading resource: res://.godot/imported/shoulder_cap.png-671e29a345dca0d8d2645c1e5291c6d7.ctex remapped: res://.godot/imported/shoulder_cap.png-671e29a345dca0d8d2645c1e5291c6d7.ctex
Completed load for: 'res://assets/authored2d/unified_character/arms/sleeves/trader/female/shoulder_cap.png' remapped 'res://assets/authored2d/unified_character/arms/sleeves/trader/female/shoulder_cap.png' at thread -1
Loading resource: res://assets/authored2d/unified_character/arms/gloves/trader/female/glove_dominant.png remapped: res://assets/authored2d/unified_character/arms/gloves/trader/female/glove_dominant.png
Loading resource: res://.godot/imported/glove_dominant.png-87e36af71eb54589d067981226f23ed4.ctex remapped: res://.godot/imported/glove_dominant.png-87e36af71eb54589d067981226f23ed4.ctex
Completed load for: 'res://assets/authored2d/unified_character/arms/gloves/trader/female/glove_dominant.png' remapped 'res://assets/authored2d/unified_character/arms/gloves/trader/female/glove_dominant.png' at thread -1
Loading resource: res://assets/authored2d/unified_character/arms/gloves/trader/female/glove_support.png remapped: res://assets/authored2d/unified_character/arms/gloves/trader/female/glove_support.png
Loading resource: res://.godot/imported/glove_support.png-d5af8e8cd075f124317d3628ddd090e4.ctex remapped: res://.godot/imported/glove_support.png-d5af8e8cd075f124317d3628ddd090e4.ctex
Completed load for: 'res://assets/authored2d/unified_character/arms/gloves/trader/female/glove_support.png' remapped 'res://assets/authored2d/unified_character/arms/gloves/trader/female/glove_support.png' at thread -1
Loading resource: res://assets/authored2d/unified_character/roles/trader/female/torso.png remapped: res://assets/authored2d/unified_character/roles/trader/female/torso.png
Loading resource: res://.godot/imported/torso.png-f1cdbb719e333c2e1ff50a497837b988.ctex remapped: res://.godot/imported/torso.png-f1cdbb719e333c2e1ff50a497837b988.ctex
Completed load for: 'res://assets/authored2d/unified_character/roles/trader/female/torso.png' remapped 'res://assets/authored2d/unified_character/roles/trader/female/torso.png' at thread -1
Loading resource: res://assets/authored2d/unified_character/arms/sleeves/medic/male/upper_arm.png remapped: res://assets/authored2d/unified_character/arms/sleeves/medic/male/upper_arm.png
Loading resource: res://.godot/imported/upper_arm.png-7255e5f82c386de15f3b0e5fccb8910d.ctex remapped: res://.godot/imported/upper_arm.png-7255e5f82c386de15f3b0e5fccb8910d.ctex
Completed load for: 'res://assets/authored2d/unified_character/arms/sleeves/medic/male/upper_arm.png' remapped 'res://assets/authored2d/unified_character/arms/sleeves/medic/male/upper_arm.png' at thread -1
Loading resource: res://assets/authored2d/unified_character/arms/sleeves/medic/male/forearm.png remapped: res://assets/authored2d/unified_character/arms/sleeves/medic/male/forearm.png
Loading resource: res://.godot/imported/forearm.png-566c444ad448cca618c59352d1e40c41.ctex remapped: res://.godot/imported/forearm.png-566c444ad448cca618c59352d1e40c41.ctex
Completed load for: 'res://assets/authored2d/unified_character/arms/sleeves/medic/male/forearm.png' remapped 'res://assets/authored2d/unified_character/arms/sleeves/medic/male/forearm.png' at thread -1
Loading resource: res://assets/authored2d/unified_character/arms/sleeves/medic/male/shoulder_cap.png remapped: res://assets/authored2d/unified_character/arms/sleeves/medic/male/shoulder_cap.png
Loading resource: res://.godot/imported/shoulder_cap.png-5337721ed9769da20e70d268b522d85e.ctex remapped: res://.godot/imported/shoulder_cap.png-5337721ed9769da20e70d268b522d85e.ctex
Completed load for: 'res://assets/authored2d/unified_character/arms/sleeves/medic/male/shoulder_cap.png' remapped 'res://assets/authored2d/unified_character/arms/sleeves/medic/male/shoulder_cap.png' at thread -1
Loading resource: res://assets/authored2d/unified_character/arms/gloves/medic/male/glove_dominant.png remapped: res://assets/authored2d/unified_character/arms/gloves/medic/male/glove_dominant.png
Loading resource: res://.godot/imported/glove_dominant.png-6d19d8102e32b1df3119c6febb517e1b.ctex remapped: res://.godot/imported/glove_dominant.png-6d19d8102e32b1df3119c6febb517e1b.ctex
Completed load for: 'res://assets/authored2d/unified_character/arms/gloves/medic/male/glove_dominant.png' remapped 'res://assets/authored2d/unified_character/arms/gloves/medic/male/glove_dominant.png' at thread -1
Loading resource: res://assets/authored2d/unified_character/arms/gloves/medic/male/glove_support.png remapped: res://assets/authored2d/unified_character/arms/gloves/medic/male/glove_support.png
Loading resource: res://.godot/imported/glove_support.png-0334fc1a4663a10a896c9cabc8fefd6a.ctex remapped: res://.godot/imported/glove_support.png-0334fc1a4663a10a896c9cabc8fefd6a.ctex
Completed load for: 'res://assets/authored2d/unified_character/arms/gloves/medic/male/glove_support.png' remapped 'res://assets/authored2d/unified_character/arms/gloves/medic/male/glove_support.png' at thread -1
Loading resource: res://assets/authored2d/unified_character/roles/medic/male/torso.png remapped: res://assets/authored2d/unified_character/roles/medic/male/torso.png
Loading resource: res://.godot/imported/torso.png-82d9d68b8714547ce2dd4adbca0426c8.ctex remapped: res://.godot/imported/torso.png-82d9d68b8714547ce2dd4adbca0426c8.ctex
Completed load for: 'res://assets/authored2d/unified_character/roles/medic/male/torso.png' remapped 'res://assets/authored2d/unified_character/roles/medic/male/torso.png' at thread -1
Loading resource: res://assets/authored2d/unified_character/arms/sleeves/medic/female/upper_arm.png remapped: res://assets/authored2d/unified_character/arms/sleeves/medic/female/upper_arm.png
Loading resource: res://.godot/imported/upper_arm.png-e785090dd302138f760f46730a9740d3.ctex remapped: res://.godot/imported/upper_arm.png-e785090dd302138f760f46730a9740d3.ctex
Completed load for: 'res://assets/authored2d/unified_character/arms/sleeves/medic/female/upper_arm.png' remapped 'res://assets/authored2d/unified_character/arms/sleeves/medic/female/upper_arm.png' at thread -1
Loading resource: res://assets/authored2d/unified_character/arms/sleeves/medic/female/forearm.png remapped: res://assets/authored2d/unified_character/arms/sleeves/medic/female/forearm.png
Loading resource: res://.godot/imported/forearm.png-0b115b246d55590178878e896ecbcc66.ctex remapped: res://.godot/imported/forearm.png-0b115b246d55590178878e896ecbcc66.ctex
Completed load for: 'res://assets/authored2d/unified_character/arms/sleeves/medic/female/forearm.png' remapped 'res://assets/authored2d/unified_character/arms/sleeves/medic/female/forearm.png' at thread -1
Loading resource: res://assets/authored2d/unified_character/arms/sleeves/medic/female/shoulder_cap.png remapped: res://assets/authored2d/unified_character/arms/sleeves/medic/female/shoulder_cap.png
Loading resource: res://.godot/imported/shoulder_cap.png-acbef357c94d8595f51ae9be3bbabe0a.ctex remapped: res://.godot/imported/shoulder_cap.png-acbef357c94d8595f51ae9be3bbabe0a.ctex
Completed load for: 'res://assets/authored2d/unified_character/arms/sleeves/medic/female/shoulder_cap.png' remapped 'res://assets/authored2d/unified_character/arms/sleeves/medic/female/shoulder_cap.png' at thread -1
Loading resource: res://assets/authored2d/unified_character/arms/gloves/medic/female/glove_dominant.png remapped: res://assets/authored2d/unified_character/arms/gloves/medic/female/glove_dominant.png
Loading resource: res://.godot/imported/glove_dominant.png-88bf2bba65bdf25a8351bad0258ee53f.ctex remapped: res://.godot/imported/glove_dominant.png-88bf2bba65bdf25a8351bad0258ee53f.ctex
Completed load for: 'res://assets/authored2d/unified_character/arms/gloves/medic/female/glove_dominant.png' remapped 'res://assets/authored2d/unified_character/arms/gloves/medic/female/glove_dominant.png' at thread -1
Loading resource: res://assets/authored2d/unified_character/arms/gloves/medic/female/glove_support.png remapped: res://assets/authored2d/unified_character/arms/gloves/medic/female/glove_support.png
Loading resource: res://.godot/imported/glove_support.png-b4063702a11365e1d359f4d19f736128.ctex remapped: res://.godot/imported/glove_support.png-b4063702a11365e1d359f4d19f736128.ctex
Completed load for: 'res://assets/authored2d/unified_character/arms/gloves/medic/female/glove_support.png' remapped 'res://assets/authored2d/unified_character/arms/gloves/medic/female/glove_support.png' at thread -1
Loading resource: res://assets/authored2d/unified_character/roles/medic/female/torso.png remapped: res://assets/authored2d/unified_character/roles/medic/female/torso.png
Loading resource: res://.godot/imported/torso.png-aa56bba14faeed555e581a794a817054.ctex remapped: res://.godot/imported/torso.png-aa56bba14faeed555e581a794a817054.ctex
Completed load for: 'res://assets/authored2d/unified_character/roles/medic/female/torso.png' remapped 'res://assets/authored2d/unified_character/roles/medic/female/torso.png' at thread -1
Loading resource: res://assets/authored2d/unified_character/arms/sleeves/mechanic/male/upper_arm.png remapped: res://assets/authored2d/unified_character/arms/sleeves/mechanic/male/upper_arm.png
Loading resource: res://.godot/imported/upper_arm.png-f49662c831f430d6a4a8a5ae367482cc.ctex remapped: res://.godot/imported/upper_arm.png-f49662c831f430d6a4a8a5ae367482cc.ctex
Completed load for: 'res://assets/authored2d/unified_character/arms/sleeves/mechanic/male/upper_arm.png' remapped 'res://assets/authored2d/unified_character/arms/sleeves/mechanic/male/upper_arm.png' at thread -1
Loading resource: res://assets/authored2d/unified_character/arms/sleeves/mechanic/male/forearm.png remapped: res://assets/authored2d/unified_character/arms/sleeves/mechanic/male/forearm.png
Loading resource: res://.godot/imported/forearm.png-968e21337878cfce1522bb472b89e3f2.ctex remapped: res://.godot/imported/forearm.png-968e21337878cfce1522bb472b89e3f2.ctex
Completed load for: 'res://assets/authored2d/unified_character/arms/sleeves/mechanic/male/forearm.png' remapped 'res://assets/authored2d/unified_character/arms/sleeves/mechanic/male/forearm.png' at thread -1
Loading resource: res://assets/authored2d/unified_character/arms/sleeves/mechanic/male/shoulder_cap.png remapped: res://assets/authored2d/unified_character/arms/sleeves/mechanic/male/shoulder_cap.png
Loading resource: res://.godot/imported/shoulder_cap.png-6c921aaf114ff459fb7feea357e45f5e.ctex remapped: res://.godot/imported/shoulder_cap.png-6c921aaf114ff459fb7feea357e45f5e.ctex
Completed load for: 'res://assets/authored2d/unified_character/arms/sleeves/mechanic/male/shoulder_cap.png' remapped 'res://assets/authored2d/unified_character/arms/sleeves/mechanic/male/shoulder_cap.png' at thread -1
Loading resource: res://assets/authored2d/unified_character/arms/gloves/mechanic/male/glove_dominant.png remapped: res://assets/authored2d/unified_character/arms/gloves/mechanic/male/glove_dominant.png
Loading resource: res://.godot/imported/glove_dominant.png-2459596f94ebd581467994d64aed1f1c.ctex remapped: res://.godot/imported/glove_dominant.png-2459596f94ebd581467994d64aed1f1c.ctex
Completed load for: 'res://assets/authored2d/unified_character/arms/gloves/mechanic/male/glove_dominant.png' remapped 'res://assets/authored2d/unified_character/arms/gloves/mechanic/male/glove_dominant.png' at thread -1
Loading resource: res://assets/authored2d/unified_character/arms/gloves/mechanic/male/glove_support.png remapped: res://assets/authored2d/unified_character/arms/gloves/mechanic/male/glove_support.png
Loading resource: res://.godot/imported/glove_support.png-262981732f66d60dd38c9efeec6cee6c.ctex remapped: res://.godot/imported/glove_support.png-262981732f66d60dd38c9efeec6cee6c.ctex
Completed load for: 'res://assets/authored2d/unified_character/arms/gloves/mechanic/male/glove_support.png' remapped 'res://assets/authored2d/unified_character/arms/gloves/mechanic/male/glove_support.png' at thread -1
Loading resource: res://assets/authored2d/unified_character/roles/mechanic/male/torso.png remapped: res://assets/authored2d/unified_character/roles/mechanic/male/torso.png
Loading resource: res://.godot/imported/torso.png-6a5237bcc400656fe1b4b1fb4219f72e.ctex remapped: res://.godot/imported/torso.png-6a5237bcc400656fe1b4b1fb4219f72e.ctex
Completed load for: 'res://assets/authored2d/unified_character/roles/mechanic/male/torso.png' remapped 'res://assets/authored2d/unified_character/roles/mechanic/male/torso.png' at thread -1
Loading resource: res://assets/authored2d/unified_character/arms/sleeves/mechanic/female/upper_arm.png remapped: res://assets/authored2d/unified_character/arms/sleeves/mechanic/female/upper_arm.png
Loading resource: res://.godot/imported/upper_arm.png-ced0600d563c98f5eb0a57fac2cc73e1.ctex remapped: res://.godot/imported/upper_arm.png-ced0600d563c98f5eb0a57fac2cc73e1.ctex
Completed load for: 'res://assets/authored2d/unified_character/arms/sleeves/mechanic/female/upper_arm.png' remapped 'res://assets/authored2d/unified_character/arms/sleeves/mechanic/female/upper_arm.png' at thread -1
Loading resource: res://assets/authored2d/unified_character/arms/sleeves/mechanic/female/forearm.png remapped: res://assets/authored2d/unified_character/arms/sleeves/mechanic/female/forearm.png
Loading resource: res://.godot/imported/forearm.png-f07d7f9e6a421ea52ba23c1e318dd64a.ctex remapped: res://.godot/imported/forearm.png-f07d7f9e6a421ea52ba23c1e318dd64a.ctex
Completed load for: 'res://assets/authored2d/unified_character/arms/sleeves/mechanic/female/forearm.png' remapped 'res://assets/authored2d/unified_character/arms/sleeves/mechanic/female/forearm.png' at thread -1
Loading resource: res://assets/authored2d/unified_character/arms/sleeves/mechanic/female/shoulder_cap.png remapped: res://assets/authored2d/unified_character/arms/sleeves/mechanic/female/shoulder_cap.png
Loading resource: res://.godot/imported/shoulder_cap.png-335c3b410fd758e87057c55c4e3ec0df.ctex remapped: res://.godot/imported/shoulder_cap.png-335c3b410fd758e87057c55c4e3ec0df.ctex
Completed load for: 'res://assets/authored2d/unified_character/arms/sleeves/mechanic/female/shoulder_cap.png' remapped 'res://assets/authored2d/unified_character/arms/sleeves/mechanic/female/shoulder_cap.png' at thread -1
Loading resource: res://assets/authored2d/unified_character/arms/gloves/mechanic/female/glove_dominant.png remapped: res://assets/authored2d/unified_character/arms/gloves/mechanic/female/glove_dominant.png
Loading resource: res://.godot/imported/glove_dominant.png-35eb2b5347f7ecc86629a09b7e0a431a.ctex remapped: res://.godot/imported/glove_dominant.png-35eb2b5347f7ecc86629a09b7e0a431a.ctex
Completed load for: 'res://assets/authored2d/unified_character/arms/gloves/mechanic/female/glove_dominant.png' remapped 'res://assets/authored2d/unified_character/arms/gloves/mechanic/female/glove_dominant.png' at thread -1
Loading resource: res://assets/authored2d/unified_character/arms/gloves/mechanic/female/glove_support.png remapped: res://assets/authored2d/unified_character/arms/gloves/mechanic/female/glove_support.png
Loading resource: res://.godot/imported/glove_support.png-c6bd37748b255ba6d538f85f659e10f3.ctex remapped: res://.godot/imported/glove_support.png-c6bd37748b255ba6d538f85f659e10f3.ctex
Completed load for: 'res://assets/authored2d/unified_character/arms/gloves/mechanic/female/glove_support.png' remapped 'res://assets/authored2d/unified_character/arms/gloves/mechanic/female/glove_support.png' at thread -1
Loading resource: res://assets/authored2d/unified_character/roles/mechanic/female/torso.png remapped: res://assets/authored2d/unified_character/roles/mechanic/female/torso.png
Loading resource: res://.godot/imported/torso.png-47084382d9b19d0cd1551eddb30e1c4b.ctex remapped: res://.godot/imported/torso.png-47084382d9b19d0cd1551eddb30e1c4b.ctex
Completed load for: 'res://assets/authored2d/unified_character/roles/mechanic/female/torso.png' remapped 'res://assets/authored2d/unified_character/roles/mechanic/female/torso.png' at thread -1
Loading resource: res://assets/authored2d/unified_character/arms/sleeves/guard/male/upper_arm.png remapped: res://assets/authored2d/unified_character/arms/sleeves/guard/male/upper_arm.png
Loading resource: res://.godot/imported/upper_arm.png-b4a61d3d10af5539d6ca6fc0baf4d5b7.ctex remapped: res://.godot/imported/upper_arm.png-b4a61d3d10af5539d6ca6fc0baf4d5b7.ctex
Completed load for: 'res://assets/authored2d/unified_character/arms/sleeves/guard/male/upper_arm.png' remapped 'res://assets/authored2d/unified_character/arms/sleeves/guard/male/upper_arm.png' at thread -1
Loading resource: res://assets/authored2d/unified_character/arms/sleeves/guard/male/forearm.png remapped: res://assets/authored2d/unified_character/arms/sleeves/guard/male/forearm.png
Loading resource: res://.godot/imported/forearm.png-a2e4fe15d05468e8e929070c72027d6f.ctex remapped: res://.godot/imported/forearm.png-a2e4fe15d05468e8e929070c72027d6f.ctex
Completed load for: 'res://assets/authored2d/unified_character/arms/sleeves/guard/male/forearm.png' remapped 'res://assets/authored2d/unified_character/arms/sleeves/guard/male/forearm.png' at thread -1
Loading resource: res://assets/authored2d/unified_character/arms/sleeves/guard/male/shoulder_cap.png remapped: res://assets/authored2d/unified_character/arms/sleeves/guard/male/shoulder_cap.png
Loading resource: res://.godot/imported/shoulder_cap.png-098b785d52fd6245e8837d577af23e79.ctex remapped: res://.godot/imported/shoulder_cap.png-098b785d52fd6245e8837d577af23e79.ctex
Completed load for: 'res://assets/authored2d/unified_character/arms/sleeves/guard/male/shoulder_cap.png' remapped 'res://assets/authored2d/unified_character/arms/sleeves/guard/male/shoulder_cap.png' at thread -1
Loading resource: res://assets/authored2d/unified_character/arms/gloves/guard/male/glove_dominant.png remapped: res://assets/authored2d/unified_character/arms/gloves/guard/male/glove_dominant.png
Loading resource: res://.godot/imported/glove_dominant.png-774dcf5be85bae3b122ce155297b4760.ctex remapped: res://.godot/imported/glove_dominant.png-774dcf5be85bae3b122ce155297b4760.ctex
Completed load for: 'res://assets/authored2d/unified_character/arms/gloves/guard/male/glove_dominant.png' remapped 'res://assets/authored2d/unified_character/arms/gloves/guard/male/glove_dominant.png' at thread -1
Loading resource: res://assets/authored2d/unified_character/arms/gloves/guard/male/glove_support.png remapped: res://assets/authored2d/unified_character/arms/gloves/guard/male/glove_support.png
Loading resource: res://.godot/imported/glove_support.png-b95cbe65e6108d83d6d0d48903640d23.ctex remapped: res://.godot/imported/glove_support.png-b95cbe65e6108d83d6d0d48903640d23.ctex
Completed load for: 'res://assets/authored2d/unified_character/arms/gloves/guard/male/glove_support.png' remapped 'res://assets/authored2d/unified_character/arms/gloves/guard/male/glove_support.png' at thread -1
Loading resource: res://assets/authored2d/unified_character/roles/guard/male/torso.png remapped: res://assets/authored2d/unified_character/roles/guard/male/torso.png
Loading resource: res://.godot/imported/torso.png-4fa6663caf71227aa499e9ea43325cbf.ctex remapped: res://.godot/imported/torso.png-4fa6663caf71227aa499e9ea43325cbf.ctex
Completed load for: 'res://assets/authored2d/unified_character/roles/guard/male/torso.png' remapped 'res://assets/authored2d/unified_character/roles/guard/male/torso.png' at thread -1
Loading resource: res://assets/authored2d/unified_character/arms/sleeves/guard/female/upper_arm.png remapped: res://assets/authored2d/unified_character/arms/sleeves/guard/female/upper_arm.png
Loading resource: res://.godot/imported/upper_arm.png-4818de3005d53f005785501e317ba4ba.ctex remapped: res://.godot/imported/upper_arm.png-4818de3005d53f005785501e317ba4ba.ctex
Completed load for: 'res://assets/authored2d/unified_character/arms/sleeves/guard/female/upper_arm.png' remapped 'res://assets/authored2d/unified_character/arms/sleeves/guard/female/upper_arm.png' at thread -1
Loading resource: res://assets/authored2d/unified_character/arms/sleeves/guard/female/forearm.png remapped: res://assets/authored2d/unified_character/arms/sleeves/guard/female/forearm.png
Loading resource: res://.godot/imported/forearm.png-17a17aa72120d31ff7d694edefecb500.ctex remapped: res://.godot/imported/forearm.png-17a17aa72120d31ff7d694edefecb500.ctex
Completed load for: 'res://assets/authored2d/unified_character/arms/sleeves/guard/female/forearm.png' remapped 'res://assets/authored2d/unified_character/arms/sleeves/guard/female/forearm.png' at thread -1
Loading resource: res://assets/authored2d/unified_character/arms/sleeves/guard/female/shoulder_cap.png remapped: res://assets/authored2d/unified_character/arms/sleeves/guard/female/shoulder_cap.png
Loading resource: res://.godot/imported/shoulder_cap.png-253083548a18faa317779b0249339757.ctex remapped: res://.godot/imported/shoulder_cap.png-253083548a18faa317779b0249339757.ctex
Completed load for: 'res://assets/authored2d/unified_character/arms/sleeves/guard/female/shoulder_cap.png' remapped 'res://assets/authored2d/unified_character/arms/sleeves/guard/female/shoulder_cap.png' at thread -1
Loading resource: res://assets/authored2d/unified_character/arms/gloves/guard/female/glove_dominant.png remapped: res://assets/authored2d/unified_character/arms/gloves/guard/female/glove_dominant.png
Loading resource: res://.godot/imported/glove_dominant.png-dab6951c02dbb616d23bfdb4133aabc7.ctex remapped: res://.godot/imported/glove_dominant.png-dab6951c02dbb616d23bfdb4133aabc7.ctex
Completed load for: 'res://assets/authored2d/unified_character/arms/gloves/guard/female/glove_dominant.png' remapped 'res://assets/authored2d/unified_character/arms/gloves/guard/female/glove_dominant.png' at thread -1
Loading resource: res://assets/authored2d/unified_character/arms/gloves/guard/female/glove_support.png remapped: res://assets/authored2d/unified_character/arms/gloves/guard/female/glove_support.png
Loading resource: res://.godot/imported/glove_support.png-5ec5070e2ca843a8d1ad062908ebf786.ctex remapped: res://.godot/imported/glove_support.png-5ec5070e2ca843a8d1ad062908ebf786.ctex
Completed load for: 'res://assets/authored2d/unified_character/arms/gloves/guard/female/glove_support.png' remapped 'res://assets/authored2d/unified_character/arms/gloves/guard/female/glove_support.png' at thread -1
Loading resource: res://assets/authored2d/unified_character/roles/guard/female/torso.png remapped: res://assets/authored2d/unified_character/roles/guard/female/torso.png
Loading resource: res://.godot/imported/torso.png-9592e5e3d59a3ff7714363c1ac231b5f.ctex remapped: res://.godot/imported/torso.png-9592e5e3d59a3ff7714363c1ac231b5f.ctex
Completed load for: 'res://assets/authored2d/unified_character/roles/guard/female/torso.png' remapped 'res://assets/authored2d/unified_character/roles/guard/female/torso.png' at thread -1
Loading resource: res://assets/authored2d/unified_character/arms/sleeves/bandit/male/upper_arm.png remapped: res://assets/authored2d/unified_character/arms/sleeves/bandit/male/upper_arm.png
Loading resource: res://.godot/imported/upper_arm.png-41705845f691acdd95f5fb17383def0d.ctex remapped: res://.godot/imported/upper_arm.png-41705845f691acdd95f5fb17383def0d.ctex
Completed load for: 'res://assets/authored2d/unified_character/arms/sleeves/bandit/male/upper_arm.png' remapped 'res://assets/authored2d/unified_character/arms/sleeves/bandit/male/upper_arm.png' at thread -1
Loading resource: res://assets/authored2d/unified_character/arms/sleeves/bandit/male/forearm.png remapped: res://assets/authored2d/unified_character/arms/sleeves/bandit/male/forearm.png
Loading resource: res://.godot/imported/forearm.png-3f995de75bed33068377bdd38e7ab20a.ctex remapped: res://.godot/imported/forearm.png-3f995de75bed33068377bdd38e7ab20a.ctex
Completed load for: 'res://assets/authored2d/unified_character/arms/sleeves/bandit/male/forearm.png' remapped 'res://assets/authored2d/unified_character/arms/sleeves/bandit/male/forearm.png' at thread -1
Loading resource: res://assets/authored2d/unified_character/arms/sleeves/bandit/male/shoulder_cap.png remapped: res://assets/authored2d/unified_character/arms/sleeves/bandit/male/shoulder_cap.png
Loading resource: res://.godot/imported/shoulder_cap.png-4aacdf9e6ba3d21298cb4ac6f0a7ed71.ctex remapped: res://.godot/imported/shoulder_cap.png-4aacdf9e6ba3d21298cb4ac6f0a7ed71.ctex
Completed load for: 'res://assets/authored2d/unified_character/arms/sleeves/bandit/male/shoulder_cap.png' remapped 'res://assets/authored2d/unified_character/arms/sleeves/bandit/male/shoulder_cap.png' at thread -1
Loading resource: res://assets/authored2d/unified_character/arms/gloves/bandit/male/glove_dominant.png remapped: res://assets/authored2d/unified_character/arms/gloves/bandit/male/glove_dominant.png
Loading resource: res://.godot/imported/glove_dominant.png-781db5b3fdc35e99c2b2d5e8e9c05858.ctex remapped: res://.godot/imported/glove_dominant.png-781db5b3fdc35e99c2b2d5e8e9c05858.ctex
Completed load for: 'res://assets/authored2d/unified_character/arms/gloves/bandit/male/glove_dominant.png' remapped 'res://assets/authored2d/unified_character/arms/gloves/bandit/male/glove_dominant.png' at thread -1
Loading resource: res://assets/authored2d/unified_character/arms/gloves/bandit/male/glove_support.png remapped: res://assets/authored2d/unified_character/arms/gloves/bandit/male/glove_support.png
Loading resource: res://.godot/imported/glove_support.png-009db6c8cbdd323b45af70609cfd8a89.ctex remapped: res://.godot/imported/glove_support.png-009db6c8cbdd323b45af70609cfd8a89.ctex
Completed load for: 'res://assets/authored2d/unified_character/arms/gloves/bandit/male/glove_support.png' remapped 'res://assets/authored2d/unified_character/arms/gloves/bandit/male/glove_support.png' at thread -1
Loading resource: res://assets/authored2d/unified_character/roles/bandit/male/torso.png remapped: res://assets/authored2d/unified_character/roles/bandit/male/torso.png
Loading resource: res://.godot/imported/torso.png-814695cfa894cff842a8687774268a6a.ctex remapped: res://.godot/imported/torso.png-814695cfa894cff842a8687774268a6a.ctex
Completed load for: 'res://assets/authored2d/unified_character/roles/bandit/male/torso.png' remapped 'res://assets/authored2d/unified_character/roles/bandit/male/torso.png' at thread -1
Loading resource: res://assets/authored2d/unified_character/arms/sleeves/bandit/female/upper_arm.png remapped: res://assets/authored2d/unified_character/arms/sleeves/bandit/female/upper_arm.png
Loading resource: res://.godot/imported/upper_arm.png-f1c94a6a4e4b47c8b5fe8b32474a5909.ctex remapped: res://.godot/imported/upper_arm.png-f1c94a6a4e4b47c8b5fe8b32474a5909.ctex
Completed load for: 'res://assets/authored2d/unified_character/arms/sleeves/bandit/female/upper_arm.png' remapped 'res://assets/authored2d/unified_character/arms/sleeves/bandit/female/upper_arm.png' at thread -1
Loading resource: res://assets/authored2d/unified_character/arms/sleeves/bandit/female/forearm.png remapped: res://assets/authored2d/unified_character/arms/sleeves/bandit/female/forearm.png
Loading resource: res://.godot/imported/forearm.png-172226c84c540c4d949e6c94ac5fe1af.ctex remapped: res://.godot/imported/forearm.png-172226c84c540c4d949e6c94ac5fe1af.ctex
Completed load for: 'res://assets/authored2d/unified_character/arms/sleeves/bandit/female/forearm.png' remapped 'res://assets/authored2d/unified_character/arms/sleeves/bandit/female/forearm.png' at thread -1
Loading resource: res://assets/authored2d/unified_character/arms/sleeves/bandit/female/shoulder_cap.png remapped: res://assets/authored2d/unified_character/arms/sleeves/bandit/female/shoulder_cap.png
Loading resource: res://.godot/imported/shoulder_cap.png-3e59b13e2f4deae54eb82574fa9eb154.ctex remapped: res://.godot/imported/shoulder_cap.png-3e59b13e2f4deae54eb82574fa9eb154.ctex
Completed load for: 'res://assets/authored2d/unified_character/arms/sleeves/bandit/female/shoulder_cap.png' remapped 'res://assets/authored2d/unified_character/arms/sleeves/bandit/female/shoulder_cap.png' at thread -1
Loading resource: res://assets/authored2d/unified_character/arms/gloves/bandit/female/glove_dominant.png remapped: res://assets/authored2d/unified_character/arms/gloves/bandit/female/glove_dominant.png
Loading resource: res://.godot/imported/glove_dominant.png-8a3ec295851d7df516dff42bb9f7da6a.ctex remapped: res://.godot/imported/glove_dominant.png-8a3ec295851d7df516dff42bb9f7da6a.ctex
Completed load for: 'res://assets/authored2d/unified_character/arms/gloves/bandit/female/glove_dominant.png' remapped 'res://assets/authored2d/unified_character/arms/gloves/bandit/female/glove_dominant.png' at thread -1
Loading resource: res://assets/authored2d/unified_character/arms/gloves/bandit/female/glove_support.png remapped: res://assets/authored2d/unified_character/arms/gloves/bandit/female/glove_support.png
Loading resource: res://.godot/imported/glove_support.png-6c370a72a62c8d00a4ded2d7375c7b37.ctex remapped: res://.godot/imported/glove_support.png-6c370a72a62c8d00a4ded2d7375c7b37.ctex
Completed load for: 'res://assets/authored2d/unified_character/arms/gloves/bandit/female/glove_support.png' remapped 'res://assets/authored2d/unified_character/arms/gloves/bandit/female/glove_support.png' at thread -1
Loading resource: res://assets/authored2d/unified_character/roles/bandit/female/torso.png remapped: res://assets/authored2d/unified_character/roles/bandit/female/torso.png
Loading resource: res://.godot/imported/torso.png-8a4e0e6f572d78658c3bc2c13d23e6d4.ctex remapped: res://.godot/imported/torso.png-8a4e0e6f572d78658c3bc2c13d23e6d4.ctex
Completed load for: 'res://assets/authored2d/unified_character/roles/bandit/female/torso.png' remapped 'res://assets/authored2d/unified_character/roles/bandit/female/torso.png' at thread -1
Loading resource: res://assets/authored2d/unified_character/arms/sleeves/civilian/male/upper_arm.png remapped: res://assets/authored2d/unified_character/arms/sleeves/civilian/male/upper_arm.png
Loading resource: res://.godot/imported/upper_arm.png-93c35fd74904e724f942d0bb786343c1.ctex remapped: res://.godot/imported/upper_arm.png-93c35fd74904e724f942d0bb786343c1.ctex
Completed load for: 'res://assets/authored2d/unified_character/arms/sleeves/civilian/male/upper_arm.png' remapped 'res://assets/authored2d/unified_character/arms/sleeves/civilian/male/upper_arm.png' at thread -1
Loading resource: res://assets/authored2d/unified_character/arms/sleeves/civilian/male/forearm.png remapped: res://assets/authored2d/unified_character/arms/sleeves/civilian/male/forearm.png
Loading resource: res://.godot/imported/forearm.png-07bb0e80e98559aab654fd1431778401.ctex remapped: res://.godot/imported/forearm.png-07bb0e80e98559aab654fd1431778401.ctex
Completed load for: 'res://assets/authored2d/unified_character/arms/sleeves/civilian/male/forearm.png' remapped 'res://assets/authored2d/unified_character/arms/sleeves/civilian/male/forearm.png' at thread -1
Loading resource: res://assets/authored2d/unified_character/arms/sleeves/civilian/male/shoulder_cap.png remapped: res://assets/authored2d/unified_character/arms/sleeves/civilian/male/shoulder_cap.png
Loading resource: res://.godot/imported/shoulder_cap.png-041edcac8eb72d79b7c9668362d6e1c9.ctex remapped: res://.godot/imported/shoulder_cap.png-041edcac8eb72d79b7c9668362d6e1c9.ctex
Completed load for: 'res://assets/authored2d/unified_character/arms/sleeves/civilian/male/shoulder_cap.png' remapped 'res://assets/authored2d/unified_character/arms/sleeves/civilian/male/shoulder_cap.png' at thread -1
Loading resource: res://assets/authored2d/unified_character/arms/gloves/civilian/male/glove_dominant.png remapped: res://assets/authored2d/unified_character/arms/gloves/civilian/male/glove_dominant.png
Loading resource: res://.godot/imported/glove_dominant.png-00892a5c616186e250a29af80e215156.ctex remapped: res://.godot/imported/glove_dominant.png-00892a5c616186e250a29af80e215156.ctex
Completed load for: 'res://assets/authored2d/unified_character/arms/gloves/civilian/male/glove_dominant.png' remapped 'res://assets/authored2d/unified_character/arms/gloves/civilian/male/glove_dominant.png' at thread -1
Loading resource: res://assets/authored2d/unified_character/arms/gloves/civilian/male/glove_support.png remapped: res://assets/authored2d/unified_character/arms/gloves/civilian/male/glove_support.png
Loading resource: res://.godot/imported/glove_support.png-1846718087498824636cf54331a3813a.ctex remapped: res://.godot/imported/glove_support.png-1846718087498824636cf54331a3813a.ctex
Completed load for: 'res://assets/authored2d/unified_character/arms/gloves/civilian/male/glove_support.png' remapped 'res://assets/authored2d/unified_character/arms/gloves/civilian/male/glove_support.png' at thread -1
Loading resource: res://assets/authored2d/unified_character/roles/civilian/male/torso.png remapped: res://assets/authored2d/unified_character/roles/civilian/male/torso.png
Loading resource: res://.godot/imported/torso.png-9ee712a6c20acc868982b8914f2609ff.ctex remapped: res://.godot/imported/torso.png-9ee712a6c20acc868982b8914f2609ff.ctex
Completed load for: 'res://assets/authored2d/unified_character/roles/civilian/male/torso.png' remapped 'res://assets/authored2d/unified_character/roles/civilian/male/torso.png' at thread -1
Loading resource: res://assets/authored2d/unified_character/arms/sleeves/civilian/female/upper_arm.png remapped: res://assets/authored2d/unified_character/arms/sleeves/civilian/female/upper_arm.png
Loading resource: res://.godot/imported/upper_arm.png-716e8581e09e6771395e61e1ffe17e85.ctex remapped: res://.godot/imported/upper_arm.png-716e8581e09e6771395e61e1ffe17e85.ctex
Completed load for: 'res://assets/authored2d/unified_character/arms/sleeves/civilian/female/upper_arm.png' remapped 'res://assets/authored2d/unified_character/arms/sleeves/civilian/female/upper_arm.png' at thread -1
Loading resource: res://assets/authored2d/unified_character/arms/sleeves/civilian/female/forearm.png remapped: res://assets/authored2d/unified_character/arms/sleeves/civilian/female/forearm.png
Loading resource: res://.godot/imported/forearm.png-8331312f4a4bda15e53c986fa25c01c3.ctex remapped: res://.godot/imported/forearm.png-8331312f4a4bda15e53c986fa25c01c3.ctex
Completed load for: 'res://assets/authored2d/unified_character/arms/sleeves/civilian/female/forearm.png' remapped 'res://assets/authored2d/unified_character/arms/sleeves/civilian/female/forearm.png' at thread -1
Loading resource: res://assets/authored2d/unified_character/arms/sleeves/civilian/female/shoulder_cap.png remapped: res://assets/authored2d/unified_character/arms/sleeves/civilian/female/shoulder_cap.png
Loading resource: res://.godot/imported/shoulder_cap.png-40005bdcf071dd1cb095f7b8ad31de11.ctex remapped: res://.godot/imported/shoulder_cap.png-40005bdcf071dd1cb095f7b8ad31de11.ctex
Completed load for: 'res://assets/authored2d/unified_character/arms/sleeves/civilian/female/shoulder_cap.png' remapped 'res://assets/authored2d/unified_character/arms/sleeves/civilian/female/shoulder_cap.png' at thread -1
Loading resource: res://assets/authored2d/unified_character/arms/gloves/civilian/female/glove_dominant.png remapped: res://assets/authored2d/unified_character/arms/gloves/civilian/female/glove_dominant.png
Loading resource: res://.godot/imported/glove_dominant.png-d8950393d56eaedcb294914c44a37b76.ctex remapped: res://.godot/imported/glove_dominant.png-d8950393d56eaedcb294914c44a37b76.ctex
Completed load for: 'res://assets/authored2d/unified_character/arms/gloves/civilian/female/glove_dominant.png' remapped 'res://assets/authored2d/unified_character/arms/gloves/civilian/female/glove_dominant.png' at thread -1
Loading resource: res://assets/authored2d/unified_character/arms/gloves/civilian/female/glove_support.png remapped: res://assets/authored2d/unified_character/arms/gloves/civilian/female/glove_support.png
Loading resource: res://.godot/imported/glove_support.png-b8e1c0ad322f4d9b00efdb7edcde5b74.ctex remapped: res://.godot/imported/glove_support.png-b8e1c0ad322f4d9b00efdb7edcde5b74.ctex
Completed load for: 'res://assets/authored2d/unified_character/arms/gloves/civilian/female/glove_support.png' remapped 'res://assets/authored2d/unified_character/arms/gloves/civilian/female/glove_support.png' at thread -1
Loading resource: res://assets/authored2d/unified_character/roles/civilian/female/torso.png remapped: res://assets/authored2d/unified_character/roles/civilian/female/torso.png
Loading resource: res://.godot/imported/torso.png-e31dc4c2637d51fd84e581d6bd669474.ctex remapped: res://.godot/imported/torso.png-e31dc4c2637d51fd84e581d6bd669474.ctex
Completed load for: 'res://assets/authored2d/unified_character/roles/civilian/female/torso.png' remapped 'res://assets/authored2d/unified_character/roles/civilian/female/torso.png' at thread -1
PC22_ROLE_ASSETS_OK:UNIVERSAL_ROLES_WITH_SCIENTIST_FALLBACK
PC22_ARM_GEOMETRY_OK:dominant:13.2999877929688:12.4999876022339
PC22_ARM_GEOMETRY_OK:support:13.2999877929688:12.4999876022339
PC22_ARM_GEOMETRY_OK:dominant:13.2999877929688:12.4999876022339
PC22_ARM_GEOMETRY_OK:support:13.2999877929688:12.4999876022339
PC22_ARM_GEOMETRY_OK:dominant:13.2999877929688:12.4999876022339
PC22_ARM_GEOMETRY_OK:support:13.2999877929688:12.4999876022339
PC22_ARM_CAPTURE:/home/runner/work/wanderfall/wanderfall/pc22-hybrid-v3-runtime-captures/male_idle.png
PC22_ARM_GEOMETRY_OK:dominant:13.2999935150146:12.5
PC22_ARM_GEOMETRY_OK:support:13.2999935150146:12.5000123977661
PC22_ARM_GEOMETRY_OK:dominant:13.300009727478:12.4999809265137
PC22_ARM_GEOMETRY_OK:support:13.300009727478:12.5000095367432
PC22_ARM_CAPTURE:/home/runner/work/wanderfall/wanderfall/pc22-hybrid-v3-runtime-captures/male_walk_a.png
PC22_ARM_GEOMETRY_OK:dominant:13.2999935150146:12.5000123977661
PC22_ARM_GEOMETRY_OK:support:13.2999935150146:12.5
PC22_ARM_GEOMETRY_OK:dominant:13.3000154495239:12.5000009536743
PC22_ARM_GEOMETRY_OK:support:13.3000154495239:12.4999904632568
PC22_ARM_CAPTURE:/home/runner/work/wanderfall/wanderfall/pc22-hybrid-v3-runtime-captures/male_walk_b.png
PC22_ARM_GEOMETRY_OK:dominant:13.2999782562256:12.4999914169312
PC22_ARM_GEOMETRY_OK:support:13.2999782562256:12.4999828338623
PC22_ARM_GEOMETRY_OK:dominant:13.2999753952026:12.5000047683716
PC22_ARM_GEOMETRY_OK:support:13.2999753952026:12.5000095367432
PC22_ARM_CAPTURE:/home/runner/work/wanderfall/wanderfall/pc22-hybrid-v3-runtime-captures/male_run_a.png
PC22_ARM_GEOMETRY_OK:dominant:13.2999782562256:12.4999828338623
PC22_ARM_GEOMETRY_OK:support:13.2999782562256:12.4999914169312
PC22_ARM_GEOMETRY_OK:dominant:13.3000030517578:12.4999952316284
PC22_ARM_GEOMETRY_OK:support:13.3000030517578:12.500018119812
PC22_ARM_CAPTURE:/home/runner/work/wanderfall/wanderfall/pc22-hybrid-v3-runtime-captures/male_run_b.png
PC22_ARM_GEOMETRY_OK:dominant:13.3000335693359:12.4999761581421
PC22_ARM_GEOMETRY_OK:support:13.2999906539917:12.5000085830688
PC22_ARM_GEOMETRY_OK:dominant:13.2999973297119:12.5000152587891
PC22_ARM_GEOMETRY_OK:support:13.2999935150146:12.5000171661377
PC22_ARM_CAPTURE:/home/runner/work/wanderfall/wanderfall/pc22-hybrid-v3-runtime-captures/male_pistol_horizontal.png
PC22_ARM_GEOMETRY_OK:dominant:13.3000001907349:12.4999885559082
PC22_ARM_GEOMETRY_OK:support:13.3000316619873:12.499963760376
PC22_ARM_GEOMETRY_OK:dominant:13.3000478744507:12.499981880188
PC22_ARM_GEOMETRY_OK:support:13.3000335693359:12.4999732971191
PC22_ARM_CAPTURE:/home/runner/work/wanderfall/wanderfall/pc22-hybrid-v3-runtime-captures/male_pistol_up30.png
PC22_ARM_GEOMETRY_OK:dominant:13.3000192642212:12.4999742507935
PC22_ARM_GEOMETRY_OK:support:13.2999992370605:12.4999961853027
PC22_ARM_GEOMETRY_OK:dominant:13.3000364303589:12.4999971389771
PC22_ARM_GEOMETRY_OK:support:13.3000116348267:12.4999990463257
PC22_ARM_CAPTURE:/home/runner/work/wanderfall/wanderfall/pc22-hybrid-v3-runtime-captures/male_pistol_up60.png
PC22_ARM_GEOMETRY_OK:dominant:13.2999935150146:12.4999961853027
PC22_ARM_GEOMETRY_OK:support:13.2999935150146:12.5000009536743
PC22_ARM_GEOMETRY_OK:dominant:13.2999935150146:12.4999961853027
PC22_ARM_GEOMETRY_OK:support:13.2999935150146:12.5000009536743
PC22_ARM_CAPTURE:/home/runner/work/wanderfall/wanderfall/pc22-hybrid-v3-runtime-captures/male_pistol_max_up.png
PC22_ARM_GEOMETRY_OK:dominant:13.3000135421753:12.5
PC22_ARM_GEOMETRY_OK:support:13.3000087738037:12.4999904632568
PC22_ARM_GEOMETRY_OK:dominant:13.3000049591064:12.5
PC22_ARM_GEOMETRY_OK:support:13.2999877929688:12.4999847412109
PC22_ARM_CAPTURE:/home/runner/work/wanderfall/wanderfall/pc22-hybrid-v3-runtime-captures/male_pistol_down30.png
PC22_ARM_GEOMETRY_OK:dominant:13.2999973297119:12.5000247955322
PC22_ARM_GEOMETRY_OK:support:13.2999963760376:12.5000171661377
PC22_ARM_GEOMETRY_OK:dominant:13.300009727478:12.4999732971191
PC22_ARM_GEOMETRY_OK:support:13.2999992370605:12.5000276565552
PC22_ARM_CAPTURE:/home/runner/work/wanderfall/wanderfall/pc22-hybrid-v3-runtime-captures/male_pistol_down60.png
PC22_ARM_GEOMETRY_OK:dominant:13.2999982833862:12.5000009536743
PC22_ARM_GEOMETRY_OK:support:13.2999963760376:12.4999971389771
PC22_ARM_GEOMETRY_OK:dominant:13.2999982833862:12.5000009536743
PC22_ARM_GEOMETRY_OK:support:13.2999963760376:12.4999971389771
PC22_ARM_CAPTURE:/home/runner/work/wanderfall/wanderfall/pc22-hybrid-v3-runtime-captures/male_pistol_max_down.png
PC22_ARM_GEOMETRY_OK:dominant:13.3000106811523:12.4999923706055
PC22_ARM_GEOMETRY_OK:support:13.2999973297119:12.5000190734863
PC22_ARM_GEOMETRY_OK:dominant:13.300012588501:12.4999990463257
PC22_ARM_GEOMETRY_OK:support:13.30002784729:12.499960899353
PC22_ARM_CAPTURE:/home/runner/work/wanderfall/wanderfall/pc22-hybrid-v3-runtime-captures/male_rifle_horizontal.png
PC22_ARM_GEOMETRY_OK:dominant:13.30002784729:12.5000047683716
PC22_ARM_GEOMETRY_OK:support:13.2999658584595:12.5000009536743
PC22_ARM_GEOMETRY_OK:dominant:13.2999925613403:12.5000114440918
PC22_ARM_GEOMETRY_OK:support:13.3000335693359:12.4999761581421
PC22_ARM_CAPTURE:/home/runner/work/wanderfall/wanderfall/pc22-hybrid-v3-runtime-captures/male_rifle_up30.png
PC22_ARM_GEOMETRY_OK:dominant:13.2999820709229:12.4999990463257
PC22_ARM_GEOMETRY_OK:support:13.2999906539917:12.5000057220459
PC22_ARM_GEOMETRY_OK:dominant:13.3000230789185:12.4999990463257
PC22_ARM_GEOMETRY_OK:support:13.2999906539917:12.5000066757202
PC22_ARM_CAPTURE:/home/runner/work/wanderfall/wanderfall/pc22-hybrid-v3-runtime-captures/male_rifle_up60.png
PC22_ARM_GEOMETRY_OK:dominant:13.3000259399414:12.5000314712524
PC22_ARM_GEOMETRY_OK:support:13.2999963760376:12.5000009536743
PC22_ARM_GEOMETRY_OK:dominant:13.3000059127808:12.5000009536743
PC22_ARM_GEOMETRY_OK:support:13.2999963760376:12.5000009536743
PC22_ARM_CAPTURE:/home/runner/work/wanderfall/wanderfall/pc22-hybrid-v3-runtime-captures/male_rifle_max_up.png
PC22_ARM_GEOMETRY_OK:dominant:13.299976348877:12.5000314712524
PC22_ARM_GEOMETRY_OK:support:13.2999897003174:12.5000219345093
PC22_ARM_GEOMETRY_OK:dominant:13.299976348877:12.5000314712524
PC22_ARM_GEOMETRY_OK:support:13.2999897003174:12.5000247955322
PC22_ARM_CAPTURE:/home/runner/work/wanderfall/wanderfall/pc22-hybrid-v3-runtime-captures/male_rifle_down30.png
PC22_ARM_GEOMETRY_OK:dominant:13.3000116348267:12.5000095367432
PC22_ARM_GEOMETRY_OK:support:13.2999935150146:12.4999542236328
PC22_ARM_GEOMETRY_OK:dominant:13.3000116348267:12.5000095367432
PC22_ARM_GEOMETRY_OK:support:13.2999935150146:12.5000085830688
PC22_ARM_CAPTURE:/home/runner/work/wanderfall/wanderfall/pc22-hybrid-v3-runtime-captures/male_rifle_down60.png
PC22_ARM_GEOMETRY_OK:dominant:13.3000173568726:12.5000286102295
PC22_ARM_GEOMETRY_OK:support:13.3000020980835:12.5000343322754
PC22_ARM_GEOMETRY_OK:dominant:13.2999963760376:12.5000286102295
PC22_ARM_GEOMETRY_OK:support:13.3000020980835:12.5000343322754
PC22_ARM_CAPTURE:/home/runner/work/wanderfall/wanderfall/pc22-hybrid-v3-runtime-captures/male_rifle_max_down.png
PC22_ARM_GEOMETRY_OK:dominant:13.3000116348267:12.5000162124634
PC22_ARM_GEOMETRY_OK:support:13.3000030517578:12.5000028610229
PC22_ARM_GEOMETRY_OK:dominant:13.3000001907349:12.5000028610229
PC22_ARM_GEOMETRY_OK:support:13.2999973297119:12.5000057220459
PC22_ARM_CAPTURE:/home/runner/work/wanderfall/wanderfall/pc22-hybrid-v3-runtime-captures/male_recoil.png
PC22_ARM_GEOMETRY_OK:dominant:13.2999982833862:12.4999885559082
PC22_ARM_GEOMETRY_OK:support:13.3000011444092:12.4999876022339
PC22_ARM_GEOMETRY_OK:dominant:13.2999973297119:12.4999971389771
PC22_ARM_GEOMETRY_OK:support:13.2999906539917:12.4999961853027
PC22_ARM_CAPTURE:/home/runner/work/wanderfall/wanderfall/pc22-hybrid-v3-runtime-captures/male_walk_right_aim_right.png
PC22_ARM_GEOMETRY_OK:dominant:13.2999982833862:12.4999885559082
PC22_ARM_GEOMETRY_OK:support:13.3000011444092:12.4999876022339
PC22_ARM_GEOMETRY_OK:dominant:13.2999887466431:12.4999904632568
PC22_ARM_GEOMETRY_OK:support:13.3000402450562:12.4999771118164
PC22_ARM_CAPTURE:/home/runner/work/wanderfall/wanderfall/pc22-hybrid-v3-runtime-captures/male_walk_left_aim_right.png
PC22_ARM_GEOMETRY_OK:dominant:13.3000135421753:12.5000095367432
PC22_ARM_GEOMETRY_OK:support:13.3000431060791:12.5000238418579
PC22_ARM_GEOMETRY_OK:dominant:13.3000354766846:12.5000028610229
PC22_ARM_GEOMETRY_OK:support:13.3000020980835:12.5000057220459
PC22_ARM_CAPTURE:/home/runner/work/wanderfall/wanderfall/pc22-hybrid-v3-runtime-captures/male_walk_right_aim_up.png
PC22_ARM_GEOMETRY_OK:dominant:13.3000030517578:12.5000028610229
PC22_ARM_GEOMETRY_OK:support:13.2999858856201:12.4999923706055
PC22_ARM_GEOMETRY_OK:dominant:13.2999820709229:12.5000228881836
PC22_ARM_GEOMETRY_OK:support:13.2999792098999:12.4999799728394
PC22_ARM_CAPTURE:/home/runner/work/wanderfall/wanderfall/pc22-hybrid-v3-runtime-captures/male_walk_left_aim_down.png
PC22_ARM_GEOMETRY_OK:dominant:13.3000364303589:12.4999704360962
PC22_ARM_GEOMETRY_OK:support:13.2999820709229:12.5000267028809
PC22_ARM_GEOMETRY_OK:dominant:13.3000011444092:12.4999990463257
PC22_ARM_GEOMETRY_OK:support:13.2999830245972:12.5000448226929
PC22_ARM_CAPTURE:/home/runner/work/wanderfall/wanderfall/pc22-hybrid-v3-runtime-captures/male_run_pistol.png
PC22_ARM_GEOMETRY_OK:dominant:13.3000011444092:12.4999732971191
PC22_ARM_GEOMETRY_OK:support:13.3000316619873:12.499960899353
PC22_ARM_GEOMETRY_OK:dominant:13.2999973297119:12.4999971389771
PC22_ARM_GEOMETRY_OK:support:13.2999906539917:12.4999961853027
PC22_ARM_CAPTURE:/home/runner/work/wanderfall/wanderfall/pc22-hybrid-v3-runtime-captures/male_run_rifle.png
PC22_ARM_GEOMETRY_OK:dominant:13.3000001907349:12.4999904632568
PC22_ARM_GEOMETRY_OK:support:13.2999649047852:12.5000333786011
PC22_ARM_GEOMETRY_OK:dominant:13.2999963760376:12.5000038146973
PC22_ARM_GEOMETRY_OK:support:13.3000078201294:12.5000267028809
PC22_ARM_CAPTURE:/home/runner/work/wanderfall/wanderfall/pc22-hybrid-v3-runtime-captures/male_rifle_left.png
PC22_ARM_GEOMETRY_OK:dominant:13.3000392913818:12.5000066757202
PC22_ARM_GEOMETRY_OK:support:13.2999744415283:12.4999914169312
PC22_ARM_GEOMETRY_OK:dominant:13.299973487854:12.4999942779541
PC22_ARM_GEOMETRY_OK:support:13.2999629974365:12.4999885559082
PC22_ARM_CAPTURE:/home/runner/work/wanderfall/wanderfall/pc22-hybrid-v3-runtime-captures/male_rifle_left_up60.png
PC22_ARM_GEOMETRY_OK:dominant:13.2999811172485:12.5000095367432
PC22_ARM_GEOMETRY_OK:support:13.2999849319458:12.4999856948853
PC22_ARM_GEOMETRY_OK:dominant:13.3000040054321:12.5000247955322
PC22_ARM_GEOMETRY_OK:support:13.2999830245972:12.5000276565552
PC22_ARM_CAPTURE:/home/runner/work/wanderfall/wanderfall/pc22-hybrid-v3-runtime-captures/male_rifle_left_down60.png
PC22_ARM_GEOMETRY_OK:dominant:13.2999935150146:12.5000429153442
PC22_ARM_GEOMETRY_OK:support:13.2999877929688:12.5000143051147
PC22_ARM_GEOMETRY_OK:dominant:13.3000421524048:12.4999828338623
PC22_ARM_GEOMETRY_OK:support:13.2999629974365:12.5000219345093
PC22_ARM_CAPTURE:/home/runner/work/wanderfall/wanderfall/pc22-hybrid-v3-runtime-captures/male_full_gear_rifle.png
PC22_ARM_GEOMETRY_OK:dominant:13.3000030517578:12.4999980926514
PC22_ARM_GEOMETRY_OK:support:13.2999811172485:12.5000553131104
PC22_ARM_GEOMETRY_OK:dominant:13.299973487854:12.5000400543213
PC22_ARM_GEOMETRY_OK:support:13.2999773025513:12.5000114440918
PC22_ARM_CAPTURE:/home/runner/work/wanderfall/wanderfall/pc22-hybrid-v3-runtime-captures/male_full_gear_pistol.png
PC22_ARM_GEOMETRY_OK:dominant:13.299973487854:12.5000400543213
PC22_ARM_GEOMETRY_OK:support:13.2999773025513:12.5000114440918
PC22_ARM_GEOMETRY_OK:dominant:13.2999706268311:12.5000352859497
PC22_ARM_GEOMETRY_OK:support:13.3000364303589:12.4999580383301
PC22_ARM_CAPTURE:/home/runner/work/wanderfall/wanderfall/pc22-hybrid-v3-runtime-captures/male_pistol_left.png
PC22_ARM_GEOMETRY_OK:dominant:13.2999696731567:12.4999847412109
PC22_ARM_GEOMETRY_OK:support:13.2999830245972:12.5000076293945
PC22_ARM_GEOMETRY_OK:dominant:13.3000020980835:12.5000114440918
PC22_ARM_GEOMETRY_OK:support:13.3000154495239:12.5000028610229
PC22_ARM_CAPTURE:/home/runner/work/wanderfall/wanderfall/pc22-hybrid-v3-runtime-captures/male_pistol_left_up60.png
PC22_ARM_GEOMETRY_OK:dominant:13.3000078201294:12.4999990463257
PC22_ARM_GEOMETRY_OK:support:13.2999992370605:12.5000219345093
PC22_ARM_GEOMETRY_OK:dominant:13.3000020980835:12.500036239624
PC22_ARM_GEOMETRY_OK:support:13.2999954223633:12.5000104904175
PC22_ARM_CAPTURE:/home/runner/work/wanderfall/wanderfall/pc22-hybrid-v3-runtime-captures/male_pistol_left_down60.png
PC22_ARM_GEOMETRY_OK:dominant:12.7999877929688:12.2000102996826
PC22_ARM_GEOMETRY_OK:support:12.7999877929688:12.2000102996826
PC22_ARM_GEOMETRY_OK:dominant:12.7999877929688:12.2000102996826
PC22_ARM_GEOMETRY_OK:support:12.7999877929688:12.2000102996826
PC22_ARM_CAPTURE:/home/runner/work/wanderfall/wanderfall/pc22-hybrid-v3-runtime-captures/female_idle.png
PC22_ARM_GEOMETRY_OK:dominant:12.799994468689:12.2000122070312
PC22_ARM_GEOMETRY_OK:support:12.799994468689:12.1999950408936
PC22_ARM_GEOMETRY_OK:dominant:12.8000116348267:12.2000017166138
PC22_ARM_GEOMETRY_OK:support:12.8000116348267:12.1999750137329
PC22_ARM_CAPTURE:/home/runner/work/wanderfall/wanderfall/pc22-hybrid-v3-runtime-captures/female_walk_a.png
PC22_ARM_GEOMETRY_OK:dominant:12.799994468689:12.1999950408936
PC22_ARM_GEOMETRY_OK:support:12.799994468689:12.2000122070312
PC22_ARM_GEOMETRY_OK:dominant:12.8000001907349:12.200008392334
PC22_ARM_GEOMETRY_OK:support:12.8000001907349:12.2000131607056
PC22_ARM_CAPTURE:/home/runner/work/wanderfall/wanderfall/pc22-hybrid-v3-runtime-captures/female_walk_b.png
PC22_ARM_GEOMETRY_OK:dominant:12.7999935150146:12.1999988555908
PC22_ARM_GEOMETRY_OK:support:12.7999935150146:12.2000122070312
PC22_ARM_GEOMETRY_OK:dominant:12.8000116348267:12.1999883651733
PC22_ARM_GEOMETRY_OK:support:12.8000116348267:12.1999855041504
PC22_ARM_CAPTURE:/home/runner/work/wanderfall/wanderfall/pc22-hybrid-v3-runtime-captures/female_run_a.png
PC22_ARM_GEOMETRY_OK:dominant:12.7999935150146:12.2000122070312
PC22_ARM_GEOMETRY_OK:support:12.7999935150146:12.1999988555908
PC22_ARM_GEOMETRY_OK:dominant:12.8000116348267:12.2000026702881
PC22_ARM_GEOMETRY_OK:support:12.8000116348267:12.200005531311
PC22_ARM_CAPTURE:/home/runner/work/wanderfall/wanderfall/pc22-hybrid-v3-runtime-captures/female_run_b.png
PC22_ARM_GEOMETRY_OK:dominant:12.7999963760376:12.2000074386597
PC22_ARM_GEOMETRY_OK:support:12.8000040054321:12.2000198364258
PC22_ARM_GEOMETRY_OK:dominant:12.7999715805054:12.2000102996826
PC22_ARM_GEOMETRY_OK:support:12.8000068664551:12.2000131607056
PC22_ARM_CAPTURE:/home/runner/work/wanderfall/wanderfall/pc22-hybrid-v3-runtime-captures/female_pistol_horizontal.png
PC22_ARM_GEOMETRY_OK:dominant:12.8000192642212:12.199990272522
PC22_ARM_GEOMETRY_OK:support:12.7999973297119:12.1999998092651
PC22_ARM_GEOMETRY_OK:dominant:12.7999925613403:12.2000226974487
PC22_ARM_GEOMETRY_OK:support:12.8000288009644:12.1999797821045
PC22_ARM_CAPTURE:/home/runner/work/wanderfall/wanderfall/pc22-hybrid-v3-runtime-captures/female_pistol_up30.png
PC22_ARM_GEOMETRY_OK:dominant:12.8000469207764:12.1999988555908
PC22_ARM_GEOMETRY_OK:support:12.7999639511108:12.2000207901001
PC22_ARM_GEOMETRY_OK:dominant:12.8000316619873:12.2000112533569
PC22_ARM_GEOMETRY_OK:support:12.7999649047852:12.2000007629395
PC22_ARM_CAPTURE:/home/runner/work/wanderfall/wanderfall/pc22-hybrid-v3-runtime-captures/female_pistol_up60.png
PC22_ARM_GEOMETRY_OK:dominant:12.8000040054321:12.1999769210815
PC22_ARM_GEOMETRY_OK:support:12.7999897003174:12.1999855041504
PC22_ARM_GEOMETRY_OK:dominant:12.8000040054321:12.1999769210815
PC22_ARM_GEOMETRY_OK:support:12.7999897003174:12.1999855041504
PC22_ARM_CAPTURE:/home/runner/work/wanderfall/wanderfall/pc22-hybrid-v3-runtime-captures/female_pistol_max_up.png
PC22_ARM_GEOMETRY_OK:dominant:12.799994468689:12.2000007629395
PC22_ARM_GEOMETRY_OK:support:12.8000020980835:12.2000064849854
PC22_ARM_GEOMETRY_OK:dominant:12.8000164031982:12.1999931335449
PC22_ARM_GEOMETRY_OK:support:12.7999820709229:12.2000112533569
PC22_ARM_CAPTURE:/home/runner/work/wanderfall/wanderfall/pc22-hybrid-v3-runtime-captures/female_pistol_down30.png
PC22_ARM_GEOMETRY_OK:dominant:12.8000202178955:12.1999530792236
PC22_ARM_GEOMETRY_OK:support:12.8000059127808:12.2000017166138
PC22_ARM_GEOMETRY_OK:dominant:12.8000040054321:12.1999845504761
PC22_ARM_GEOMETRY_OK:support:12.7999963760376:12.1999807357788
PC22_ARM_CAPTURE:/home/runner/work/wanderfall/wanderfall/pc22-hybrid-v3-runtime-captures/female_pistol_down60.png
PC22_ARM_GEOMETRY_OK:dominant:12.8000040054321:12.2000017166138
PC22_ARM_GEOMETRY_OK:support:12.8000049591064:12.1999931335449
PC22_ARM_GEOMETRY_OK:dominant:12.8000040054321:12.2000017166138
PC22_ARM_GEOMETRY_OK:support:12.8000049591064:12.1999931335449
PC22_ARM_CAPTURE:/home/runner/work/wanderfall/wanderfall/pc22-hybrid-v3-runtime-captures/female_pistol_max_down.png
PC22_ARM_GEOMETRY_OK:dominant:12.8000078201294:12.1999654769897
PC22_ARM_GEOMETRY_OK:support:12.7999601364136:12.2000408172607
PC22_ARM_GEOMETRY_OK:dominant:12.8000068664551:12.2000150680542
PC22_ARM_GEOMETRY_OK:support:12.7999906539917:12.1999864578247
PC22_ARM_CAPTURE:/home/runner/work/wanderfall/wanderfall/pc22-hybrid-v3-runtime-captures/female_rifle_horizontal.png
PC22_ARM_GEOMETRY_OK:dominant:12.8000402450562:12.1999855041504
PC22_ARM_GEOMETRY_OK:support:12.8000202178955:12.199990272522
PC22_ARM_GEOMETRY_OK:dominant:12.7999906539917:12.2000045776367
PC22_ARM_GEOMETRY_OK:support:12.7999868392944:12.2000112533569
PC22_ARM_CAPTURE:/home/runner/work/wanderfall/wanderfall/pc22-hybrid-v3-runtime-captures/female_rifle_up30.png
PC22_ARM_GEOMETRY_OK:dominant:12.800012588501:12.1999988555908
PC22_ARM_GEOMETRY_OK:support:12.8000545501709:12.2000064849854
PC22_ARM_GEOMETRY_OK:dominant:12.7999906539917:12.199987411499
PC22_ARM_GEOMETRY_OK:support:12.8000364303589:12.19997215271
PC22_ARM_CAPTURE:/home/runner/work/wanderfall/wanderfall/pc22-hybrid-v3-runtime-captures/female_rifle_up60.png
PC22_ARM_GEOMETRY_OK:dominant:12.799994468689:12.1999883651733
PC22_ARM_GEOMETRY_OK:support:12.8000221252441:12.2000169754028
PC22_ARM_GEOMETRY_OK:dominant:12.799994468689:12.1999883651733
PC22_ARM_GEOMETRY_OK:support:12.7999639511108:12.1999921798706
PC22_ARM_CAPTURE:/home/runner/work/wanderfall/wanderfall/pc22-hybrid-v3-runtime-captures/female_rifle_max_up.png
PC22_ARM_GEOMETRY_OK:dominant:12.8000068664551:12.1999864578247
PC22_ARM_GEOMETRY_OK:support:12.7999811172485:12.2000207901001
PC22_ARM_GEOMETRY_OK:dominant:12.7999897003174:12.2000112533569
PC22_ARM_GEOMETRY_OK:support:12.8000211715698:12.1999664306641
PC22_ARM_CAPTURE:/home/runner/work/wanderfall/wanderfall/pc22-hybrid-v3-runtime-captures/female_rifle_down30.png
PC22_ARM_GEOMETRY_OK:dominant:12.7999992370605:12.1999988555908
PC22_ARM_GEOMETRY_OK:support:12.8000001907349:12.2000484466553
PC22_ARM_GEOMETRY_OK:dominant:12.799991607666:12.1999530792236
PC22_ARM_GEOMETRY_OK:support:12.8000011444092:12.2000408172607
PC22_ARM_CAPTURE:/home/runner/work/wanderfall/wanderfall/pc22-hybrid-v3-runtime-captures/female_rifle_down60.png
PC22_ARM_GEOMETRY_OK:dominant:12.7999963760376:12.2000122070312
PC22_ARM_GEOMETRY_OK:support:12.800012588501:12.2000045776367
PC22_ARM_GEOMETRY_OK:dominant:12.7999963760376:12.2000122070312
PC22_ARM_GEOMETRY_OK:support:12.800012588501:12.2000045776367
PC22_ARM_CAPTURE:/home/runner/work/wanderfall/wanderfall/pc22-hybrid-v3-runtime-captures/female_rifle_max_down.png
PC22_ARM_GEOMETRY_OK:dominant:12.8000011444092:12.2000331878662
PC22_ARM_GEOMETRY_OK:support:12.8000335693359:12.1999702453613
PC22_ARM_GEOMETRY_OK:dominant:12.7999839782715:12.2000274658203
PC22_ARM_GEOMETRY_OK:support:12.8000173568726:12.2000093460083
PC22_ARM_CAPTURE:/home/runner/work/wanderfall/wanderfall/pc22-hybrid-v3-runtime-captures/female_recoil.png
PC22_ARM_GEOMETRY_OK:dominant:12.7999973297119:12.2000293731689
PC22_ARM_GEOMETRY_OK:support:12.8000259399414:12.1999845504761
PC22_ARM_GEOMETRY_OK:dominant:12.7999992370605:12.2000026702881
PC22_ARM_GEOMETRY_OK:support:12.7999572753906:12.2000303268433
PC22_ARM_CAPTURE:/home/runner/work/wanderfall/wanderfall/pc22-hybrid-v3-runtime-captures/female_walk_right_aim_right.png
PC22_ARM_GEOMETRY_OK:dominant:12.7999973297119:12.2000293731689
PC22_ARM_GEOMETRY_OK:support:12.8000259399414:12.1999845504761
PC22_ARM_GEOMETRY_OK:dominant:12.7999753952026:12.2000293731689
PC22_ARM_GEOMETRY_OK:support:12.799973487854:12.2000532150269
PC22_ARM_CAPTURE:/home/runner/work/wanderfall/wanderfall/pc22-hybrid-v3-runtime-captures/female_walk_left_aim_right.png
PC22_ARM_GEOMETRY_OK:dominant:12.800009727478:12.2000093460083
PC22_ARM_GEOMETRY_OK:support:12.8000154495239:12.1999845504761
PC22_ARM_GEOMETRY_OK:dominant:12.7999935150146:12.2000007629395
PC22_ARM_GEOMETRY_OK:support:12.8000478744507:12.2000036239624
PC22_ARM_CAPTURE:/home/runner/work/wanderfall/wanderfall/pc22-hybrid-v3-runtime-captures/female_walk_right_aim_up.png
PC22_ARM_GEOMETRY_OK:dominant:12.7999973297119:12.200005531311
PC22_ARM_GEOMETRY_OK:support:12.7999887466431:12.2000408172607
PC22_ARM_GEOMETRY_OK:dominant:12.799976348877:12.1999778747559
PC22_ARM_GEOMETRY_OK:support:12.7999935150146:12.2000102996826
PC22_ARM_CAPTURE:/home/runner/work/wanderfall/wanderfall/pc22-hybrid-v3-runtime-captures/female_walk_left_aim_down.png
PC22_ARM_GEOMETRY_OK:dominant:12.7999811172485:12.2000207901001
PC22_ARM_GEOMETRY_OK:support:12.7999773025513:12.2000503540039
PC22_ARM_GEOMETRY_OK:dominant:12.7999830245972:12.2000064849854
PC22_ARM_GEOMETRY_OK:support:12.7999668121338:12.2000389099121
PC22_ARM_CAPTURE:/home/runner/work/wanderfall/wanderfall/pc22-hybrid-v3-runtime-captures/female_run_pistol.png
PC22_ARM_GEOMETRY_OK:dominant:12.8000221252441:12.1999988555908
PC22_ARM_GEOMETRY_OK:support:12.8000068664551:12.2000064849854
PC22_ARM_GEOMETRY_OK:dominant:12.7999992370605:12.2000026702881
PC22_ARM_GEOMETRY_OK:support:12.7999572753906:12.2000303268433
PC22_ARM_CAPTURE:/home/runner/work/wanderfall/wanderfall/pc22-hybrid-v3-runtime-captures/female_run_rifle.png
PC22_ARM_GEOMETRY_OK:dominant:12.799994468689:12.2000064849854
PC22_ARM_GEOMETRY_OK:support:12.8000011444092:12.1999969482422
PC22_ARM_GEOMETRY_OK:dominant:12.799994468689:12.1999864578247
PC22_ARM_GEOMETRY_OK:support:12.8000011444092:12.1999835968018
PC22_ARM_CAPTURE:/home/runner/work/wanderfall/wanderfall/pc22-hybrid-v3-runtime-captures/female_rifle_left.png
PC22_ARM_GEOMETRY_OK:dominant:12.800009727478:12.1999845504761
PC22_ARM_GEOMETRY_OK:support:12.7999849319458:12.200008392334
PC22_ARM_GEOMETRY_OK:dominant:12.800009727478:12.1999969482422
PC22_ARM_GEOMETRY_OK:support:12.7999849319458:12.200008392334
PC22_ARM_CAPTURE:/home/runner/work/wanderfall/wanderfall/pc22-hybrid-v3-runtime-captures/female_rifle_left_up60.png
PC22_ARM_GEOMETRY_OK:dominant:12.8000106811523:12.1999855041504
PC22_ARM_GEOMETRY_OK:support:12.8000049591064:12.1999979019165
PC22_ARM_GEOMETRY_OK:dominant:12.8000106811523:12.1999855041504
PC22_ARM_GEOMETRY_OK:support:12.7999897003174:12.1999979019165
PC22_ARM_CAPTURE:/home/runner/work/wanderfall/wanderfall/pc22-hybrid-v3-runtime-captures/female_rifle_left_down60.png
PC22_ARM_GEOMETRY_OK:dominant:12.7999963760376:12.2000141143799
PC22_ARM_GEOMETRY_OK:support:12.8000030517578:12.2000112533569
PC22_ARM_GEOMETRY_OK:dominant:12.7999973297119:12.2000226974487
PC22_ARM_GEOMETRY_OK:support:12.8000030517578:12.2000112533569
PC22_ARM_CAPTURE:/home/runner/work/wanderfall/wanderfall/pc22-hybrid-v3-runtime-captures/female_full_gear_rifle.png
PC22_ARM_GEOMETRY_OK:dominant:12.7999753952026:12.2000341415405
PC22_ARM_GEOMETRY_OK:support:12.7999744415283:12.2000293731689
PC22_ARM_GEOMETRY_OK:dominant:12.8000059127808:12.1999750137329
PC22_ARM_GEOMETRY_OK:support:12.7999973297119:12.1999969482422
PC22_ARM_CAPTURE:/home/runner/work/wanderfall/wanderfall/pc22-hybrid-v3-runtime-captures/female_full_gear_pistol.png
PC22_ARM_GEOMETRY_OK:dominant:12.8000059127808:12.1999750137329
PC22_ARM_GEOMETRY_OK:support:12.7999973297119:12.1999969482422
PC22_ARM_GEOMETRY_OK:dominant:12.7999935150146:12.1999940872192
PC22_ARM_GEOMETRY_OK:support:12.7999811172485:12.1999998092651
PC22_ARM_CAPTURE:/home/runner/work/wanderfall/wanderfall/pc22-hybrid-v3-runtime-captures/female_pistol_left.png
PC22_ARM_GEOMETRY_OK:dominant:12.7999858856201:12.2000207901001
PC22_ARM_GEOMETRY_OK:support:12.8000116348267:12.200008392334
ERROR: Invalid polygon data, triangulation failed.
   at: canvas_item_add_polygon (servers/rendering/renderer_canvas_cull.cpp:1770)
   GDScript backtrace (most recent call first):
       [0] _pc22_draw_anatomical_arm_shape (res://scripts/art/d2d29_minimal_token_runtime.gd:1514)
       [1] _draw_actor (res://scripts/art/d2d29_minimal_token_runtime.gd:1062)
       [2] _draw (res://scripts/art/d2d29_minimal_token_runtime.gd:858)
PC22_ARM_GEOMETRY_OK:dominant:12.7999935150146:12.1999855041504
PC22_ARM_GEOMETRY_OK:support:12.7999668121338:12.1999826431274
ERROR: Invalid polygon data, triangulation failed.
   at: canvas_item_add_polygon (servers/rendering/renderer_canvas_cull.cpp:1770)
   GDScript backtrace (most recent call first):
       [0] _pc22_draw_anatomical_arm_shape (res://scripts/art/d2d29_minimal_token_runtime.gd:1514)
       [1] _draw_actor (res://scripts/art/d2d29_minimal_token_runtime.gd:1062)
       [2] _draw (res://scripts/art/d2d29_minimal_token_runtime.gd:858)
PC22_ARM_CAPTURE:/home/runner/work/wanderfall/wanderfall/pc22-hybrid-v3-runtime-captures/female_pistol_left_up60.png
PC22_ARM_GEOMETRY_OK:dominant:12.7999830245972:12.2000122070312
PC22_ARM_GEOMETRY_OK:support:12.8000049591064:12.1999521255493
PC22_ARM_GEOMETRY_OK:dominant:12.7999982833862:12.2000207901001
PC22_ARM_GEOMETRY_OK:support:12.7999839782715:12.2000179290771
PC22_ARM_CAPTURE:/home/runner/work/wanderfall/wanderfall/pc22-hybrid-v3-runtime-captures/female_pistol_left_down60.png
PC22_ARM_GEOMETRY_OK:dominant:13.3000106811523:12.4999923706055
PC22_ARM_GEOMETRY_OK:support:13.2999792098999:12.500018119812
PC22_ARM_GEOMETRY_OK:dominant:13.2999868392944:12.5000057220459
PC22_ARM_GEOMETRY_OK:support:13.3000040054321:12.4999847412109
PC22_ARM_CAPTURE:/home/runner/work/wanderfall/wanderfall/pc22-hybrid-v3-runtime-captures/male_role_trader.png
PC22_ARM_GEOMETRY_OK:dominant:13.2999868392944:12.5000057220459
PC22_ARM_GEOMETRY_OK:support:13.3000040054321:12.4999847412109
PC22_ARM_GEOMETRY_OK:dominant:13.3000164031982:12.4999942779541
PC22_ARM_GEOMETRY_OK:support:13.2999982833862:12.5000190734863
PC22_ARM_CAPTURE:/home/runner/work/wanderfall/wanderfall/pc22-hybrid-v3-runtime-captures/male_role_medic.png
PC22_ARM_GEOMETRY_OK:dominant:13.3000164031982:12.4999942779541
PC22_ARM_GEOMETRY_OK:support:13.2999982833862:12.5000190734863
PC22_ARM_GEOMETRY_OK:dominant:13.299991607666:12.4999876022339
PC22_ARM_GEOMETRY_OK:support:13.3000049591064:12.4999971389771
PC22_ARM_CAPTURE:/home/runner/work/wanderfall/wanderfall/pc22-hybrid-v3-runtime-captures/male_role_mechanic.png
PC22_ARM_GEOMETRY_OK:dominant:13.299991607666:12.4999876022339
PC22_ARM_GEOMETRY_OK:support:13.3000049591064:12.4999971389771
PC22_ARM_GEOMETRY_OK:dominant:13.2999954223633:12.5000009536743
PC22_ARM_GEOMETRY_OK:support:13.2999992370605:12.5000028610229
PC22_ARM_CAPTURE:/home/runner/work/wanderfall/wanderfall/pc22-hybrid-v3-runtime-captures/male_role_guard.png
PC22_ARM_GEOMETRY_OK:dominant:13.2999954223633:12.5000009536743
PC22_ARM_GEOMETRY_OK:support:13.2999992370605:12.5000028610229
PC22_ARM_GEOMETRY_OK:dominant:13.2999992370605:12.4999952316284
PC22_ARM_GEOMETRY_OK:support:13.2999753952026:12.5000190734863
PC22_ARM_CAPTURE:/home/runner/work/wanderfall/wanderfall/pc22-hybrid-v3-runtime-captures/male_role_bandit.png
PC22_ARM_GEOMETRY_OK:dominant:13.2999992370605:12.4999952316284
PC22_ARM_GEOMETRY_OK:support:13.2999753952026:12.5000190734863
PC22_ARM_GEOMETRY_OK:dominant:13.3000030517578:12.4999885559082
PC22_ARM_GEOMETRY_OK:support:13.2999887466431:12.5000114440918
PC22_ARM_CAPTURE:/home/runner/work/wanderfall/wanderfall/pc22-hybrid-v3-runtime-captures/male_role_civilian.png
PC22_ARM_GEOMETRY_OK:dominant:13.3000030517578:12.4999885559082
PC22_ARM_GEOMETRY_OK:support:13.2999887466431:12.5000114440918
PC22_ARM_GEOMETRY_OK:dominant:13.2999801635742:12.5000276565552
PC22_ARM_GEOMETRY_OK:support:13.3000135421753:12.4999885559082
PC22_ARM_CAPTURE:/home/runner/work/wanderfall/wanderfall/pc22-hybrid-v3-runtime-captures/male_role_scientist.png
PC22_ARM_GEOMETRY_OK:dominant:12.8000116348267:12.2000064849854
PC22_ARM_GEOMETRY_OK:support:12.8000354766846:12.1999740600586
PC22_ARM_GEOMETRY_OK:dominant:12.800012588501:12.1999568939209
PC22_ARM_GEOMETRY_OK:support:12.8000402450562:12.1999607086182
PC22_ARM_CAPTURE:/home/runner/work/wanderfall/wanderfall/pc22-hybrid-v3-runtime-captures/female_role_trader.png
PC22_ARM_GEOMETRY_OK:dominant:12.800012588501:12.1999568939209
PC22_ARM_GEOMETRY_OK:support:12.8000402450562:12.1999607086182
PC22_ARM_GEOMETRY_OK:dominant:12.7999887466431:12.1999807357788
PC22_ARM_GEOMETRY_OK:support:12.7999601364136:12.2000293731689
PC22_ARM_CAPTURE:/home/runner/work/wanderfall/wanderfall/pc22-hybrid-v3-runtime-captures/female_role_medic.png
PC22_ARM_GEOMETRY_OK:dominant:12.7999887466431:12.1999807357788
PC22_ARM_GEOMETRY_OK:support:12.7999601364136:12.2000293731689
PC22_ARM_GEOMETRY_OK:dominant:12.799991607666:12.200044631958
PC22_ARM_GEOMETRY_OK:support:12.7999820709229:12.2000303268433
PC22_ARM_CAPTURE:/home/runner/work/wanderfall/wanderfall/pc22-hybrid-v3-runtime-captures/female_role_mechanic.png
PC22_ARM_GEOMETRY_OK:dominant:12.799991607666:12.200044631958
PC22_ARM_GEOMETRY_OK:support:12.7999820709229:12.2000303268433
PC22_ARM_GEOMETRY_OK:dominant:12.7999935150146:12.2000226974487
PC22_ARM_GEOMETRY_OK:support:12.8000192642212:12.199990272522
PC22_ARM_CAPTURE:/home/runner/work/wanderfall/wanderfall/pc22-hybrid-v3-runtime-captures/female_role_guard.png
PC22_ARM_GEOMETRY_OK:dominant:12.7999935150146:12.2000226974487
PC22_ARM_GEOMETRY_OK:support:12.8000192642212:12.199990272522
PC22_ARM_GEOMETRY_OK:dominant:12.799994468689:12.1999998092651
PC22_ARM_GEOMETRY_OK:support:12.8000249862671:12.1999626159668
PC22_ARM_CAPTURE:/home/runner/work/wanderfall/wanderfall/pc22-hybrid-v3-runtime-captures/female_role_bandit.png
PC22_ARM_GEOMETRY_OK:dominant:12.799994468689:12.1999998092651
PC22_ARM_GEOMETRY_OK:support:12.8000249862671:12.1999626159668
PC22_ARM_GEOMETRY_OK:dominant:12.7999982833862:12.1999778747559
PC22_ARM_GEOMETRY_OK:support:12.8000450134277:12.1999635696411
PC22_ARM_CAPTURE:/home/runner/work/wanderfall/wanderfall/pc22-hybrid-v3-runtime-captures/female_role_civilian.png
PC22_ARM_GEOMETRY_OK:dominant:12.7999982833862:12.1999778747559
PC22_ARM_GEOMETRY_OK:support:12.8000450134277:12.1999635696411
PC22_ARM_GEOMETRY_OK:dominant:12.8000001907349:12.1999549865723
PC22_ARM_GEOMETRY_OK:support:12.8000164031982:12.2000045776367
PC22_ARM_CAPTURE:/home/runner/work/wanderfall/wanderfall/pc22-hybrid-v3-runtime-captures/female_role_scientist.png
PC22_ARM_GEOMETRY_OK:dominant:13.2999982833862:12.499979019165
PC22_ARM_GEOMETRY_OK:support:13.2999629974365:12.4999837875366
PC22_ARM_GEOMETRY_OK:dominant:13.3000431060791:12.5000162124634
PC22_ARM_GEOMETRY_OK:support:13.2999801635742:12.4999866485596
PC22_ARM_CAPTURE:/home/runner/work/wanderfall/wanderfall/pc22-hybrid-v3-runtime-captures/male_role_trader_rifle_up60.png
PC22_ARM_GEOMETRY_OK:dominant:13.3000087738037:12.4999732971191
PC22_ARM_GEOMETRY_OK:support:13.2999992370605:12.5000114440918
PC22_ARM_GEOMETRY_OK:dominant:13.2999925613403:12.5000104904175
PC22_ARM_GEOMETRY_OK:support:13.3000144958496:12.4999685287476
PC22_ARM_CAPTURE:/home/runner/work/wanderfall/wanderfall/pc22-hybrid-v3-runtime-captures/male_role_trader_rifle_down60.png
PC22_ARM_GEOMETRY_OK:dominant:13.2999629974365:12.5000133514404
PC22_ARM_GEOMETRY_OK:support:13.3000078201294:12.4999761581421
PC22_ARM_GEOMETRY_OK:dominant:13.299994468689:12.5000066757202
PC22_ARM_GEOMETRY_OK:support:13.3000202178955:12.4999923706055
PC22_ARM_CAPTURE:/home/runner/work/wanderfall/wanderfall/pc22-hybrid-v3-runtime-captures/male_role_trader_rifle_left.png
PC22_ARM_GEOMETRY_OK:dominant:13.2999858856201:12.5000295639038
PC22_ARM_GEOMETRY_OK:support:13.3000326156616:12.5000238418579
PC22_ARM_GEOMETRY_OK:dominant:13.2999858856201:12.4999961853027
PC22_ARM_GEOMETRY_OK:support:13.3000440597534:12.4999971389771
PC22_ARM_CAPTURE:/home/runner/work/wanderfall/wanderfall/pc22-hybrid-v3-runtime-captures/male_role_medic_rifle_up60.png
PC22_ARM_GEOMETRY_OK:dominant:13.3000030517578:12.5000400543213
PC22_ARM_GEOMETRY_OK:support:13.3000049591064:12.5000038146973
PC22_ARM_GEOMETRY_OK:dominant:13.3000106811523:12.4999732971191
PC22_ARM_GEOMETRY_OK:support:13.3000068664551:12.5000162124634
PC22_ARM_CAPTURE:/home/runner/work/wanderfall/wanderfall/pc22-hybrid-v3-runtime-captures/male_role_medic_rifle_down60.png
PC22_ARM_GEOMETRY_OK:dominant:13.3000288009644:12.4999942779541
PC22_ARM_GEOMETRY_OK:support:13.299991607666:12.5000114440918
PC22_ARM_GEOMETRY_OK:dominant:13.2999811172485:12.5000143051147
PC22_ARM_GEOMETRY_OK:support:13.3000040054321:12.4999885559082
PC22_ARM_CAPTURE:/home/runner/work/wanderfall/wanderfall/pc22-hybrid-v3-runtime-captures/male_role_medic_rifle_left.png
PC22_ARM_GEOMETRY_OK:dominant:13.2999887466431:12.4999856948853
PC22_ARM_GEOMETRY_OK:support:13.3000192642212:12.5000057220459
PC22_ARM_GEOMETRY_OK:dominant:13.3000106811523:12.4999971389771
PC22_ARM_GEOMETRY_OK:support:13.3000364303589:12.5000085830688
PC22_ARM_CAPTURE:/home/runner/work/wanderfall/wanderfall/pc22-hybrid-v3-runtime-captures/male_role_mechanic_rifle_up60.png
PC22_ARM_GEOMETRY_OK:dominant:13.2999935150146:12.4999952316284
PC22_ARM_GEOMETRY_OK:support:13.2999954223633:12.4999923706055
PC22_ARM_GEOMETRY_OK:dominant:13.2999973297119:12.4999876022339
PC22_ARM_GEOMETRY_OK:support:13.2999973297119:12.5000095367432
PC22_ARM_CAPTURE:/home/runner/work/wanderfall/wanderfall/pc22-hybrid-v3-runtime-captures/male_role_mechanic_rifle_down60.png
PC22_ARM_GEOMETRY_OK:dominant:13.2999858856201:12.5000028610229
PC22_ARM_GEOMETRY_OK:support:13.2999935150146:12.5000123977661
PC22_ARM_GEOMETRY_OK:dominant:13.2999639511108:12.5000162124634
PC22_ARM_GEOMETRY_OK:support:13.3000173568726:12.4999885559082
PC22_ARM_CAPTURE:/home/runner/work/wanderfall/wanderfall/pc22-hybrid-v3-runtime-captures/male_role_mechanic_rifle_left.png
PC22_ARM_GEOMETRY_OK:dominant:13.3000144958496:12.5000171661377
PC22_ARM_GEOMETRY_OK:support:13.3000059127808:12.4999837875366
PC22_ARM_GEOMETRY_OK:dominant:13.3000173568726:12.5000123977661
PC22_ARM_GEOMETRY_OK:support:13.3000173568726:12.4999885559082
PC22_ARM_CAPTURE:/home/runner/work/wanderfall/wanderfall/pc22-hybrid-v3-runtime-captures/male_role_guard_rifle_up60.png
PC22_ARM_GEOMETRY_OK:dominant:13.2999811172485:12.5000095367432
PC22_ARM_GEOMETRY_OK:support:13.2999849319458:12.500039100647
PC22_ARM_GEOMETRY_OK:dominant:13.2999811172485:12.5000095367432
PC22_ARM_GEOMETRY_OK:support:13.3000164031982:12.4999914169312
PC22_ARM_CAPTURE:/home/runner/work/wanderfall/wanderfall/pc22-hybrid-v3-runtime-captures/male_role_guard_rifle_down60.png
PC22_ARM_GEOMETRY_OK:dominant:13.3000221252441:12.4999971389771
PC22_ARM_GEOMETRY_OK:support:13.2999706268311:12.5000419616699
PC22_ARM_GEOMETRY_OK:dominant:13.3000001907349:12.5000114440918
PC22_ARM_GEOMETRY_OK:support:13.3000135421753:12.5000085830688
PC22_ARM_CAPTURE:/home/runner/work/wanderfall/wanderfall/pc22-hybrid-v3-runtime-captures/male_role_guard_rifle_left.png
PC22_ARM_GEOMETRY_OK:dominant:13.3000392913818:12.5000066757202
PC22_ARM_GEOMETRY_OK:support:13.2999858856201:12.4999933242798
PC22_ARM_GEOMETRY_OK:dominant:13.2999982833862:12.4999837875366
PC22_ARM_GEOMETRY_OK:support:13.3000040054321:12.5000267028809
PC22_ARM_CAPTURE:/home/runner/work/wanderfall/wanderfall/pc22-hybrid-v3-runtime-captures/male_role_bandit_rifle_up60.png
PC22_ARM_GEOMETRY_OK:dominant:13.299994468689:12.4999876022339
PC22_ARM_GEOMETRY_OK:support:13.3000192642212:12.5000095367432
PC22_ARM_GEOMETRY_OK:dominant:13.2999982833862:12.5000314712524
PC22_ARM_GEOMETRY_OK:support:13.3000049591064:12.4999666213989
PC22_ARM_CAPTURE:/home/runner/work/wanderfall/wanderfall/pc22-hybrid-v3-runtime-captures/male_role_bandit_rifle_down60.png
PC22_ARM_GEOMETRY_OK:dominant:13.3000030517578:12.5000114440918
PC22_ARM_GEOMETRY_OK:support:13.3000268936157:12.499981880188
PC22_ARM_GEOMETRY_OK:dominant:13.2999792098999:12.5000448226929
PC22_ARM_GEOMETRY_OK:support:13.2999963760376:12.5000028610229
PC22_ARM_CAPTURE:/home/runner/work/wanderfall/wanderfall/pc22-hybrid-v3-runtime-captures/male_role_bandit_rifle_left.png
PC22_ARM_GEOMETRY_OK:dominant:13.2999792098999:12.4999914169312
PC22_ARM_GEOMETRY_OK:support:13.2999610900879:12.5000009536743
PC22_ARM_GEOMETRY_OK:dominant:13.2999792098999:12.4999914169312
PC22_ARM_GEOMETRY_OK:support:13.2999610900879:12.4999723434448
PC22_ARM_CAPTURE:/home/runner/work/wanderfall/wanderfall/pc22-hybrid-v3-runtime-captures/male_role_civilian_rifle_up60.png
PC22_ARM_GEOMETRY_OK:dominant:13.3000049591064:12.5000171661377
PC22_ARM_GEOMETRY_OK:support:13.3000059127808:12.4999847412109
PC22_ARM_GEOMETRY_OK:dominant:13.3000049591064:12.5000171661377
PC22_ARM_GEOMETRY_OK:support:13.3000078201294:12.4999904632568
PC22_ARM_CAPTURE:/home/runner/work/wanderfall/wanderfall/pc22-hybrid-v3-runtime-captures/male_role_civilian_rifle_down60.png
PC22_ARM_GEOMETRY_OK:dominant:13.3000106811523:12.5000123977661
PC22_ARM_GEOMETRY_OK:support:13.299991607666:12.4999942779541
PC22_ARM_GEOMETRY_OK:dominant:13.3000106811523:12.4999723434448
PC22_ARM_GEOMETRY_OK:support:13.2999792098999:12.5000190734863
PC22_ARM_CAPTURE:/home/runner/work/wanderfall/wanderfall/pc22-hybrid-v3-runtime-captures/male_role_civilian_rifle_left.png
PC22_ARM_GEOMETRY_OK:dominant:13.3000020980835:12.5000038146973
PC22_ARM_GEOMETRY_OK:support:13.3000383377075:12.5000038146973
PC22_ARM_GEOMETRY_OK:dominant:13.2999820709229:12.5000286102295
PC22_ARM_GEOMETRY_OK:support:13.2999849319458:12.5000066757202
PC22_ARM_CAPTURE:/home/runner/work/wanderfall/wanderfall/pc22-hybrid-v3-runtime-captures/male_role_scientist_rifle_up60.png
PC22_ARM_GEOMETRY_OK:dominant:13.3000049591064:12.4999504089355
PC22_ARM_GEOMETRY_OK:support:13.2999792098999:12.5000028610229
PC22_ARM_GEOMETRY_OK:dominant:13.3000116348267:12.5000095367432
PC22_ARM_GEOMETRY_OK:support:13.2999935150146:12.5000085830688
PC22_ARM_CAPTURE:/home/runner/work/wanderfall/wanderfall/pc22-hybrid-v3-runtime-captures/male_role_scientist_rifle_down60.png
PC22_ARM_GEOMETRY_OK:dominant:13.300012588501:12.499979019165
PC22_ARM_GEOMETRY_OK:support:13.3000154495239:12.5000009536743
PC22_ARM_GEOMETRY_OK:dominant:13.2999868392944:12.5000057220459
PC22_ARM_GEOMETRY_OK:support:13.3000335693359:12.4999856948853
PC22_ARM_CAPTURE:/home/runner/work/wanderfall/wanderfall/pc22-hybrid-v3-runtime-captures/male_role_scientist_rifle_left.png
PC22_ARM_GEOMETRY_OK:dominant:12.8000049591064:12.1999931335449
PC22_ARM_GEOMETRY_OK:support:12.8000431060791:12.1999940872192
PC22_ARM_GEOMETRY_OK:dominant:12.8000049591064:12.1999931335449
PC22_ARM_GEOMETRY_OK:support:12.8000431060791:12.1999940872192
PC22_ARM_CAPTURE:/home/runner/work/wanderfall/wanderfall/pc22-hybrid-v3-runtime-captures/female_role_trader_rifle_up60.png
PC22_ARM_GEOMETRY_OK:dominant:12.7999887466431:12.199990272522
PC22_ARM_GEOMETRY_OK:support:12.7999954223633:12.2000188827515
PC22_ARM_GEOMETRY_OK:dominant:12.7999887466431:12.199990272522
PC22_ARM_GEOMETRY_OK:support:12.7999954223633:12.2000188827515
PC22_ARM_CAPTURE:/home/runner/work/wanderfall/wanderfall/pc22-hybrid-v3-runtime-captures/female_role_trader_rifle_down60.png
PC22_ARM_GEOMETRY_OK:dominant:12.8000040054321:12.2000417709351
PC22_ARM_GEOMETRY_OK:support:12.8000288009644:12.1999597549438
PC22_ARM_GEOMETRY_OK:dominant:12.799976348877:12.2000417709351
PC22_ARM_GEOMETRY_OK:support:12.8000288009644:12.1999740600586
PC22_ARM_CAPTURE:/home/runner/work/wanderfall/wanderfall/pc22-hybrid-v3-runtime-captures/female_role_trader_rifle_left.png
PC22_ARM_GEOMETRY_OK:dominant:12.8000049591064:12.1999816894531
PC22_ARM_GEOMETRY_OK:support:12.7999820709229:12.1999940872192
PC22_ARM_GEOMETRY_OK:dominant:12.8000049591064:12.2000122070312
PC22_ARM_GEOMETRY_OK:support:12.8000383377075:12.199990272522
PC22_ARM_CAPTURE:/home/runner/work/wanderfall/wanderfall/pc22-hybrid-v3-runtime-captures/female_role_medic_rifle_up60.png
PC22_ARM_GEOMETRY_OK:dominant:12.7999839782715:12.199990272522
PC22_ARM_GEOMETRY_OK:support:12.7999963760376:12.1999530792236
PC22_ARM_GEOMETRY_OK:dominant:12.8000144958496:12.2000036239624
PC22_ARM_GEOMETRY_OK:support:12.8000106811523:12.1999979019165
PC22_ARM_CAPTURE:/home/runner/work/wanderfall/wanderfall/pc22-hybrid-v3-runtime-captures/female_role_medic_rifle_down60.png
PC22_ARM_GEOMETRY_OK:dominant:12.8000020980835:12.200005531311
PC22_ARM_GEOMETRY_OK:support:12.8000116348267:12.2000007629395
PC22_ARM_GEOMETRY_OK:dominant:12.8000020980835:12.1999778747559
PC22_ARM_GEOMETRY_OK:support:12.8000259399414:12.1999998092651
PC22_ARM_CAPTURE:/home/runner/work/wanderfall/wanderfall/pc22-hybrid-v3-runtime-captures/female_role_medic_rifle_left.png
PC22_ARM_GEOMETRY_OK:dominant:12.7999830245972:12.1999988555908
PC22_ARM_GEOMETRY_OK:support:12.8000383377075:12.2000169754028
PC22_ARM_GEOMETRY_OK:dominant:12.8000259399414:12.2000045776367
PC22_ARM_GEOMETRY_OK:support:12.8000288009644:12.2000169754028
PC22_ARM_CAPTURE:/home/runner/work/wanderfall/wanderfall/pc22-hybrid-v3-runtime-captures/female_role_mechanic_rifle_up60.png
PC22_ARM_GEOMETRY_OK:dominant:12.7999811172485:12.2000036239624
PC22_ARM_GEOMETRY_OK:support:12.7999982833862:12.1999835968018
PC22_ARM_GEOMETRY_OK:dominant:12.8000068664551:12.2000169754028
PC22_ARM_GEOMETRY_OK:support:12.7999982833862:12.1999835968018
PC22_ARM_CAPTURE:/home/runner/work/wanderfall/wanderfall/pc22-hybrid-v3-runtime-captures/female_role_mechanic_rifle_down60.png
PC22_ARM_GEOMETRY_OK:dominant:12.8000001907349:12.1999807357788
PC22_ARM_GEOMETRY_OK:support:12.8000211715698:12.1999864578247
PC22_ARM_GEOMETRY_OK:dominant:12.8000259399414:12.1999645233154
PC22_ARM_GEOMETRY_OK:support:12.8000364303589:12.1999588012695
PC22_ARM_CAPTURE:/home/runner/work/wanderfall/wanderfall/pc22-hybrid-v3-runtime-captures/female_role_mechanic_rifle_left.png
PC22_ARM_GEOMETRY_OK:dominant:12.7999820709229:12.1999921798706
PC22_ARM_GEOMETRY_OK:support:12.8000144958496:12.2000093460083
PC22_ARM_GEOMETRY_OK:dominant:12.7999820709229:12.1999979019165
PC22_ARM_GEOMETRY_OK:support:12.8000049591064:12.2000036239624
PC22_ARM_CAPTURE:/home/runner/work/wanderfall/wanderfall/pc22-hybrid-v3-runtime-captures/female_role_guard_rifle_up60.png
PC22_ARM_GEOMETRY_OK:dominant:12.7999954223633:12.1999702453613
PC22_ARM_GEOMETRY_OK:support:12.8000164031982:12.1999549865723
PC22_ARM_GEOMETRY_OK:dominant:12.7999954223633:12.2000360488892
PC22_ARM_GEOMETRY_OK:support:12.8000020980835:12.1999988555908
PC22_ARM_CAPTURE:/home/runner/work/wanderfall/wanderfall/pc22-hybrid-v3-runtime-captures/female_role_guard_rifle_down60.png
PC22_ARM_GEOMETRY_OK:dominant:12.7999954223633:12.2000331878662
PC22_ARM_GEOMETRY_OK:support:12.7999963760376:12.1999988555908
PC22_ARM_GEOMETRY_OK:dominant:12.7999935150146:12.2000169754028
PC22_ARM_GEOMETRY_OK:support:12.7999935150146:12.1999979019165
PC22_ARM_CAPTURE:/home/runner/work/wanderfall/wanderfall/pc22-hybrid-v3-runtime-captures/female_role_guard_rifle_left.png
PC22_ARM_GEOMETRY_OK:dominant:12.8000240325928:12.1999912261963
PC22_ARM_GEOMETRY_OK:support:12.7999820709229:12.1999969482422
PC22_ARM_GEOMETRY_OK:dominant:12.8000240325928:12.1999969482422
PC22_ARM_GEOMETRY_OK:support:12.8000288009644:12.1999893188477
PC22_ARM_CAPTURE:/home/runner/work/wanderfall/wanderfall/pc22-hybrid-v3-runtime-captures/female_role_bandit_rifle_up60.png
PC22_ARM_GEOMETRY_OK:dominant:12.7999801635742:12.1999959945679
PC22_ARM_GEOMETRY_OK:support:12.7999744415283:12.2000303268433
PC22_ARM_GEOMETRY_OK:dominant:12.8000030517578:12.1999502182007
PC22_ARM_GEOMETRY_OK:support:12.8000068664551:12.1999568939209
PC22_ARM_CAPTURE:/home/runner/work/wanderfall/wanderfall/pc22-hybrid-v3-runtime-captures/female_role_bandit_rifle_down60.png
PC22_ARM_GEOMETRY_OK:dominant:12.799991607666:12.2000036239624
PC22_ARM_GEOMETRY_OK:support:12.7999687194824:12.2000246047974
PC22_ARM_GEOMETRY_OK:dominant:12.7999897003174:12.2000341415405
PC22_ARM_GEOMETRY_OK:support:12.7999839782715:12.2000102996826
PC22_ARM_CAPTURE:/home/runner/work/wanderfall/wanderfall/pc22-hybrid-v3-runtime-captures/female_role_bandit_rifle_left.png
PC22_ARM_GEOMETRY_OK:dominant:12.8000221252441:12.2000074386597
PC22_ARM_GEOMETRY_OK:support:12.7999544143677:12.2000102996826
PC22_ARM_GEOMETRY_OK:dominant:12.8000011444092:12.1999950408936
PC22_ARM_GEOMETRY_OK:support:12.7999954223633:12.2000045776367
PC22_ARM_CAPTURE:/home/runner/work/wanderfall/wanderfall/pc22-hybrid-v3-runtime-captures/female_role_civilian_rifle_up60.png
PC22_ARM_GEOMETRY_OK:dominant:12.8000211715698:12.1999826431274
PC22_ARM_GEOMETRY_OK:support:12.7999935150146:12.2000398635864
PC22_ARM_GEOMETRY_OK:dominant:12.8000135421753:12.1999893188477
PC22_ARM_GEOMETRY_OK:support:12.8000106811523:12.2000112533569
PC22_ARM_CAPTURE:/home/runner/work/wanderfall/wanderfall/pc22-hybrid-v3-runtime-captures/female_role_civilian_rifle_down60.png
PC22_ARM_GEOMETRY_OK:dominant:12.7999849319458:12.1999931335449
PC22_ARM_GEOMETRY_OK:support:12.8000268936157:12.1999950408936
PC22_ARM_GEOMETRY_OK:dominant:12.7999830245972:12.1999959945679
PC22_ARM_GEOMETRY_OK:support:12.8000040054321:12.1999807357788
PC22_ARM_CAPTURE:/home/runner/work/wanderfall/wanderfall/pc22-hybrid-v3-runtime-captures/female_role_civilian_rifle_left.png
PC22_ARM_GEOMETRY_OK:dominant:12.8000001907349:12.2000064849854
PC22_ARM_GEOMETRY_OK:support:12.80002784729:12.199990272522
PC22_ARM_GEOMETRY_OK:dominant:12.7999982833862:12.1999998092651
PC22_ARM_GEOMETRY_OK:support:12.8000183105469:12.2000131607056
PC22_ARM_CAPTURE:/home/runner/work/wanderfall/wanderfall/pc22-hybrid-v3-runtime-captures/female_role_scientist_rifle_up60.png
PC22_ARM_GEOMETRY_OK:dominant:12.7999982833862:12.1999549865723
PC22_ARM_GEOMETRY_OK:support:12.7999849319458:12.1999826431274
PC22_ARM_GEOMETRY_OK:dominant:12.8000211715698:12.1999750137329
PC22_ARM_GEOMETRY_OK:support:12.8000154495239:12.2000064849854
PC22_ARM_CAPTURE:/home/runner/work/wanderfall/wanderfall/pc22-hybrid-v3-runtime-captures/female_role_scientist_rifle_down60.png
PC22_ARM_GEOMETRY_OK:dominant:12.8000059127808:12.1999931335449
PC22_ARM_GEOMETRY_OK:support:12.7999792098999:12.2000341415405
PC22_ARM_GEOMETRY_OK:dominant:12.8000040054321:12.1999969482422
PC22_ARM_GEOMETRY_OK:support:12.7999744415283:12.2000198364258
PC22_ARM_CAPTURE:/home/runner/work/wanderfall/wanderfall/pc22-hybrid-v3-runtime-captures/female_role_scientist_rifle_left.png
PC22_ARM_GEOMETRY_OK:dominant:13.3000164031982:12.5000057220459
PC22_ARM_GEOMETRY_OK:support:13.3000373840332:12.4999656677246
PC22_ARM_GEOMETRY_OK:dominant:13.300009727478:12.4999656677246
PC22_ARM_GEOMETRY_OK:support:13.3000059127808:12.4999742507935
PC22_ARM_CAPTURE:/home/runner/work/wanderfall/wanderfall/pc22-hybrid-v3-runtime-captures/male_npc_generic_glove.png
PC22_ARM_GEOMETRY_OK:dominant:12.8000011444092:12.2000188827515
PC22_ARM_GEOMETRY_OK:support:12.8000192642212:12.1999921798706
PC22_ARM_GEOMETRY_OK:dominant:12.8000001907349:12.1999750137329
PC22_ARM_GEOMETRY_OK:support:12.8000316619873:12.1999645233154
PC22_ARM_CAPTURE:/home/runner/work/wanderfall/wanderfall/pc22-hybrid-v3-runtime-captures/female_npc_generic_glove.png
PC22_ARM_CAPTURE_COMPLETE:126
PC22_ARM_GEOMETRY_OK:dominant:12.7999963760376:12.1999969482422
PC22_ARM_GEOMETRY_OK:support:12.7999925613403:12.1999769210815
XR: Clearing primary interface
XR: Removed interface "Native mobile"
XR: Removed interface "OpenXR"
Accessibility: window 0 adapter destroyed.
